stat_id,year,skill_id,applicant_count,avg_skill_score,training_hours,demand_index,supply_index,skill_gap,growth_rate
1,2025,1374,1430,1.55,167,94,89,-10,0.26
2,2023,1466,3943,1.07,124,34,74,-35,-0.12
3,2021,1052,2472,3.77,111,20,45,-45,0.45
4,2023,1878,291,4.13,95,95,76,7,-0.12
5,2021,1530,350,1.74,128,99,72,-2,-0.13
6,2020,1086,1472,1.14,24,20,26,20,0
7,2025,1991,94,3.67,84,63,18,-23,0.18
8,2023,521,933,1.79,151,21,34,-6,0.01
9,2023,1757,862,3.24,125,95,30,-11,-0.15
10,2022,925,1595,1.45,5,94,70,-44,0.24
11,2022,1017,1023,1.19,188,32,86,18,0.1
12,2020,905,926,2.01,107,65,31,-31,0.3
13,2021,1932,378,1.04,92,87,24,-36,0.23
14,2025,1960,1006,4.82,185,12,89,-49,0
15,2021,1668,1491,3.14,71,98,27,33,0.35
16,2020,227,3145,1.62,195,81,38,25,0.03
17,2025,1471,296,4.92,151,64,31,34,0.26
18,2024,1144,4665,2.16,161,88,42,4,-0.05
19,2025,20,1639,4.2,79,23,61,1,0.37
20,2020,211,4795,2,95,55,20,43,0.29
21,2020,605,407,4.79,140,53,47,-19,-0.13
22,2024,1979,4200,4.18,158,48,12,43,0.39
23,2024,457,2825,2.87,116,51,70,-31,-0.04
24,2022,802,3701,4.06,71,17,34,-4,0.13
25,2024,1244,1546,4.47,97,75,100,33,-0.25
26,2025,73,4070,2.18,183,29,84,29,0.11
27,2025,1889,1122,2.67,156,67,43,-26,0.22
28,2021,1724,2139,1.93,72,67,67,32,-0.24
29,2020,1195,2319,2.64,150,48,76,-1,-0.24
30,2021,1639,3735,1.06,51,70,70,46,-0.13
31,2020,116,4359,2.7,136,32,60,29,-0.23
32,2021,887,3478,3.67,25,41,58,-50,0.47
33,2022,715,171,4.66,102,99,81,8,0.24
34,2023,814,1594,1.69,79,43,32,-34,-0.19
35,2025,1033,3275,2.44,71,41,89,-41,0.45
36,2023,728,160,2.23,52,80,30,-7,-0.24
37,2020,644,448,1.55,122,13,94,45,0.01
38,2025,1475,3864,4.81,101,80,27,25,0.05
39,2020,1933,1954,3.44,119,40,15,-16,-0.14
40,2022,469,3421,2.01,124,15,47,13,-0.14
41,2024,1353,1594,2.26,65,71,62,40,0.02
42,2023,441,622,1.04,169,48,46,-12,-0.22
43,2025,1359,999,3.36,24,87,100,13,-0.26
44,2023,1374,1871,2.55,129,96,75,5,-0.17
45,2025,1301,918,1.09,61,50,86,-3,0
46,2022,61,4877,2.89,194,44,77,-3,-0.19
47,2024,1688,1132,1.9,14,72,87,2,-0.07
48,2020,121,427,2.77,100,29,10,-45,0.41
49,2021,937,3278,4.39,199,45,87,13,-0.11
50,2023,536,2694,4.4,38,37,24,19,0.13
51,2020,1407,3413,1.7,95,35,34,37,-0.29
52,2023,1747,2696,4.29,20,22,30,-19,0.36
53,2022,1755,2841,3.34,143,60,73,-42,0.23
54,2021,1792,2586,4.01,160,51,63,-19,-0.21
55,2024,1792,3893,2.97,5,14,20,40,0.16
56,2022,1979,2321,2.53,142,20,63,-10,-0.11
57,2025,854,3387,2.27,132,19,72,-8,0.46
58,2023,345,838,4.6,173,87,48,-12,-0.17
59,2022,4,4292,4.29,163,91,32,43,-0.11
60,2022,1062,2800,2.27,124,67,31,-7,-0.04
61,2022,1332,2308,2.9,119,65,54,-24,-0.27
62,2020,1029,55,4.78,144,16,45,-11,0.1
63,2022,1547,3530,1.58,122,94,88,-38,-0.2
64,2020,802,4148,1.3,75,43,96,-18,-0.18
65,2020,373,3893,1.03,163,35,71,-44,0.44
66,2025,303,531,4.06,69,13,61,50,0.27
67,2024,1837,2406,1.37,151,14,73,12,-0.02
68,2022,553,3833,2.67,25,83,79,-12,0.16
69,2020,1437,235,2.32,99,20,70,8,-0.21
70,2025,830,2102,4.75,107,75,29,46,-0.24
71,2021,1793,3774,4.39,31,92,44,16,0.02
72,2023,1034,3183,1.48,179,57,54,-15,-0.04
73,2025,842,572,2.06,109,58,38,15,-0.18
74,2025,363,690,4.4,164,69,37,47,0.02
75,2024,1187,3258,2.12,40,72,34,-35,0.48
76,2022,647,422,1.3,124,13,45,17,-0.19
77,2024,695,3560,3.93,122,27,37,48,0
78,2025,1566,1688,3.17,59,76,79,6,0.08
79,2024,1080,1955,1.78,96,21,46,-16,0.15
80,2022,1944,2964,3.66,122,53,23,-32,0.49
81,2023,1394,3649,1.86,8,85,59,48,-0.24
82,2020,427,2849,2.28,30,49,52,-45,0.09
83,2024,1414,987,2.62,157,62,88,25,0.34
84,2020,113,609,3.98,188,26,64,-33,0.03
85,2025,1808,767,1.24,39,50,75,44,-0.12
86,2024,1021,2430,2.44,89,79,52,-13,-0.28
87,2025,938,877,1.02,23,55,36,-26,0.3
88,2025,63,2061,2.82,125,64,46,2,0.31
89,2024,326,3560,3,190,85,95,46,-0.26
90,2024,1196,150,3.24,183,62,19,-48,-0.05
91,2021,892,1358,2.88,67,98,87,-17,0.24
92,2021,1961,3806,4.5,77,27,85,39,-0.29
93,2022,611,2537,2.16,171,80,60,44,-0.26
94,2020,1950,4306,3.29,81,32,25,41,0.48
95,2023,264,2361,1.01,138,44,63,37,-0.02
96,2025,309,2352,2.1,62,42,29,50,-0.17
97,2020,1796,4321,2.77,193,90,53,32,0.12
98,2020,1802,302,1,70,24,73,-48,0.18
99,2022,1287,2718,1.17,146,31,86,-31,0.15
100,2022,1151,3478,3.03,12,57,33,-39,-0.05
101,2021,974,2356,2.26,16,23,55,-20,-0.18
102,2021,1533,2665,3.75,74,60,22,23,-0.21
103,2020,321,2179,3.52,186,20,43,47,0.11
104,2025,1866,2063,4.94,144,100,26,-42,0.4
105,2020,379,2681,3.55,163,37,90,-26,0.5
106,2025,971,1984,3.14,194,24,37,19,0.14
107,2020,1864,4126,2.16,103,79,18,-26,0.36
108,2020,1923,1540,4.88,68,50,89,43,-0.24
109,2022,903,1588,4.96,132,56,43,-47,0.11
110,2024,1930,2277,1.81,164,70,71,31,0.4
111,2024,1326,3820,2.15,71,73,69,-49,-0.24
112,2025,1312,3376,4.25,121,26,69,-22,-0.23
113,2022,441,1715,3.99,86,69,29,-9,-0.23
114,2025,606,907,1.58,185,32,100,-46,0
115,2020,1836,1276,1.91,79,90,51,-40,-0.13
116,2024,1207,3984,3.18,186,15,79,-31,-0.1
117,2022,229,773,4.94,90,30,96,30,-0.29
118,2025,1163,1594,3.15,56,51,44,6,0.12
119,2021,1873,3257,2.21,196,86,93,-13,-0.19
120,2023,493,3814,4.29,68,54,55,4,0.37
121,2021,456,1166,2.48,10,96,23,-7,0.46
122,2023,1333,3763,4.15,164,18,92,4,0.36
123,2020,1562,1157,3.38,137,38,77,49,0.45
124,2022,1013,1218,4.47,111,19,11,-13,0.45
125,2020,103,4366,2.35,192,24,93,30,0.08
126,2020,1763,3935,4.67,126,45,76,31,-0.1
127,2021,671,2640,2.29,41,83,41,-17,-0.14
128,2023,1469,765,2.02,188,29,61,21,0.36
129,2024,1791,2286,3.69,185,97,89,-14,0.09
130,2020,1027,4419,1.98,57,46,84,16,0.36
131,2025,464,4283,2.04,186,95,84,-35,0.42
132,2023,1400,851,1.14,122,64,37,16,0.05
133,2020,299,393,2.67,174,37,71,-28,0.17
134,2024,1903,4276,2.87,191,87,44,44,-0.04
135,2024,787,1080,4.98,50,16,26,-27,0.23
136,2025,1580,3259,1.7,99,94,69,-30,-0.19
137,2024,603,556,4.64,155,41,98,15,0.21
138,2023,1737,396,3.82,54,40,81,26,-0.29
139,2020,87,667,2.78,83,71,83,-8,-0.22
140,2025,1960,1772,2.91,44,80,13,8,0.05
141,2025,1232,310,3.15,6,91,87,-7,0.4
142,2025,1423,3326,4.81,164,33,45,-28,0.34
143,2020,1208,2231,1.39,151,29,41,4,-0.29
144,2023,492,1874,4.62,98,80,14,-27,-0.29
145,2025,539,1550,2.51,38,67,32,-11,0.37
146,2022,652,3175,3.65,108,71,62,37,0.14
147,2024,295,3084,2.96,74,94,69,1,0.44
148,2020,960,2498,1.81,112,21,86,-6,-0.11
149,2025,577,4764,3.52,174,69,67,0,-0.21
150,2023,238,3333,2.05,161,86,29,29,0.13
151,2022,549,585,3.94,84,24,45,39,0.09
152,2024,1393,1155,3.38,32,96,77,-27,0.19
153,2025,1043,2095,1.38,177,12,32,21,0.26
154,2020,220,3079,2.06,15,93,32,-44,-0.01
155,2022,58,4664,4.17,99,38,78,-9,0.08
156,2023,1945,4807,3.31,72,12,76,-15,0.28
157,2024,801,4714,3.05,128,90,93,18,-0.14
158,2020,1773,1444,1.06,156,76,56,-32,0.11
159,2020,1681,4041,4.45,41,35,43,-39,0.19
160,2020,303,1075,2.23,69,77,49,32,0.18
161,2024,301,1767,1.86,22,73,57,21,-0.04
162,2023,1851,3625,1.5,23,46,69,-4,0.24
163,2021,1639,3384,1.04,64,27,23,-26,0.13
164,2024,448,531,4.67,95,28,60,32,-0.01
165,2023,100,2852,3.93,129,83,91,40,-0.25
166,2022,1114,1971,2.87,192,11,83,-41,-0.02
167,2023,404,4598,3.78,109,29,30,31,0.38
168,2023,1155,2486,2.12,125,84,60,46,0.16
169,2023,1330,268,2.12,114,29,14,33,0.04
170,2025,480,1267,4.66,117,34,29,33,-0.06
171,2021,548,2450,3.37,154,54,28,-13,-0.2
172,2024,305,1875,2.39,39,44,64,-50,0.04
173,2024,790,982,2.83,93,17,94,-16,0.18
174,2022,1864,868,4.67,68,72,81,-9,0.37
175,2023,464,4511,1.37,102,77,98,-16,0.06
176,2021,1000,4129,4.88,55,18,30,18,0.38
177,2021,336,1033,4.31,77,92,61,-4,0.31
178,2024,1648,369,1.35,50,42,22,28,0.28
179,2024,485,914,4.1,166,61,79,-24,-0.3
180,2024,496,246,1.9,29,10,83,-38,0.11
181,2021,505,3837,2.81,91,75,30,-43,-0.2
182,2020,1835,901,4.53,110,64,21,-19,-0.17
183,2020,784,819,1.81,134,55,74,29,-0.02
184,2021,730,4460,3.91,162,55,60,-31,0.06
185,2022,942,1411,4.54,130,85,42,44,0.32
186,2023,238,684,4.79,157,25,61,-18,-0.1
187,2023,691,1873,2.54,133,57,63,-47,-0.26
188,2021,1691,2777,2.46,76,93,25,-47,0.31
189,2023,34,4705,2.8,69,33,62,-11,-0.18
190,2020,1302,2882,4.51,19,14,29,13,0.2
191,2023,861,1669,2.03,38,26,72,40,0.05
192,2020,1985,1280,2.45,90,43,11,-45,0.29
193,2021,1419,4616,1.82,173,56,60,4,0.24
194,2023,1213,3598,3.56,189,32,12,18,0.34
195,2025,1946,1275,2.92,93,10,68,22,0.28
196,2022,326,3729,4.62,76,36,34,-12,0.21
197,2023,1920,1006,3.34,172,47,23,6,-0.24
198,2022,1423,996,3.57,121,75,45,18,0.47
199,2023,1551,3857,3.48,126,71,99,-32,0.05
200,2023,398,4169,1.08,99,19,23,25,0.41
201,2025,1875,3965,3.29,97,78,50,42,0.03
202,2022,1765,1470,1.53,16,38,63,-21,-0.12
203,2021,45,523,4.7,25,36,34,-40,0.46
204,2021,617,578,2.81,9,59,75,-3,0.45
205,2022,1634,3917,4.5,101,98,82,-45,0.38
206,2025,1581,3479,2.2,117,26,23,41,0.17
207,2025,832,3279,1.09,142,84,87,-25,-0.19
208,2020,1445,3722,1.17,153,100,13,29,0.37
209,2025,1725,3607,2.95,169,13,75,-5,0.48
210,2024,1137,4543,1.22,193,100,87,11,-0.1
211,2025,387,2554,4.53,54,67,69,26,0.29
212,2024,526,3746,3.57,128,68,25,-48,-0.22
213,2021,1581,3384,3.14,26,64,31,-48,0.15
214,2021,1070,773,4.57,192,35,47,-41,0.19
215,2023,904,3422,2.69,78,50,60,-15,-0.29
216,2022,219,2401,4.35,143,11,20,24,-0.07
217,2024,1767,3378,3.8,66,81,83,-26,0.25
218,2022,1299,1616,4.82,128,81,70,29,-0.19
219,2020,328,2870,3.09,196,82,66,-38,0.4
220,2021,1625,3405,4.91,22,20,84,3,0.28
221,2023,1655,2684,1.16,22,66,57,-25,0.39
222,2021,158,4204,1.57,47,48,37,40,-0.1
223,2020,502,2103,2.07,106,61,79,7,0.32
224,2024,1853,1332,4.61,126,12,26,48,-0.07
225,2023,1089,4299,2.96,6,73,57,45,0.42
226,2023,1874,2272,3.25,91,86,67,40,0.24
227,2022,914,4973,3.53,16,86,99,-49,-0.17
228,2025,958,3951,1.25,121,44,33,-48,-0.13
229,2023,830,154,4.4,35,82,70,-10,0.47
230,2023,1530,2644,3.88,124,50,65,-33,0.41
231,2021,1186,3445,4.35,190,39,93,17,-0.14
232,2023,413,3481,3.67,8,82,37,23,0.06
233,2025,432,4289,4.57,132,78,43,-33,-0.18
234,2025,684,261,3.63,49,29,15,-40,0.42
235,2024,994,4414,1.18,199,43,18,-22,-0.21
236,2023,44,2893,4.68,118,91,34,8,-0.16
237,2025,1917,3474,2.73,11,60,13,-13,0.47
238,2021,410,4471,1.98,163,36,54,-24,0.12
239,2024,1857,1134,4.9,118,70,100,-21,-0.09
240,2023,1770,937,4.46,199,92,26,-21,0.06
241,2022,1108,4969,1.87,181,15,53,-48,-0.08
242,2021,1563,1918,2.81,58,85,37,50,-0.14
243,2020,1811,223,4.56,180,98,13,-26,0.44
244,2022,1609,831,4.56,97,21,67,17,-0.13
245,2023,1707,4616,4.87,17,29,42,-31,0.35
246,2023,1010,2284,1.89,127,18,98,41,-0.08
247,2021,1384,2579,2.12,89,22,85,-24,0.33
248,2024,886,3423,4.36,37,51,83,18,0.04
249,2022,1040,3351,3.16,16,60,32,-18,-0.22
250,2024,1830,4067,3.66,63,24,27,-4,-0.07
251,2022,1078,3170,1.55,123,12,68,-4,-0.24
252,2025,1046,1235,4.41,47,99,33,40,-0.12
253,2023,1647,798,3.94,158,45,36,-37,0.16
254,2025,1040,2674,4.04,34,54,92,36,-0.02
255,2020,144,1258,3.1,39,81,52,-30,0.33
256,2024,1357,1726,2.05,63,100,84,-13,-0.14
257,2021,1222,1926,4.75,109,96,85,-44,0.23
258,2023,1218,1353,4.06,9,69,79,-33,0
259,2025,1625,2206,2.93,197,59,60,21,0.01
260,2020,319,2908,3.62,196,61,72,50,0.42
261,2020,913,3317,2.44,36,58,63,-40,0.03
262,2023,664,3397,4.96,29,99,47,42,-0.28
263,2023,1790,3656,2.64,197,15,15,49,0.37
264,2022,1577,3559,3.84,116,58,59,29,0.33
265,2023,805,3221,4.26,161,83,53,45,-0.13
266,2025,1103,4091,2.27,178,86,10,45,0.39
267,2021,830,1490,2.25,110,18,24,-34,-0.01
268,2024,307,1379,2,114,91,46,42,0.34
269,2023,1435,2516,1.31,133,22,39,-30,0.11
270,2024,1996,917,2.97,170,98,96,46,-0.07
271,2025,1036,2102,2.84,34,97,32,-2,0.04
272,2022,369,2551,2.17,132,90,37,-35,0.03
273,2021,625,3553,2.98,182,92,82,35,-0.17
274,2022,1035,3220,2.34,95,51,84,-2,0.27
275,2024,1263,3563,1.44,132,77,11,33,0.28
276,2022,1519,1978,2.17,105,57,43,15,0.23
277,2020,322,3967,1.14,30,28,38,38,-0.09
278,2022,814,570,1.84,187,47,51,-7,-0.17
279,2024,1691,1622,2.8,25,25,73,-29,0.4
280,2024,1426,2150,2.68,36,73,11,-42,-0.21
281,2021,709,236,2.74,151,34,18,-10,0.25
282,2022,675,4333,3.41,127,99,54,-33,0.25
283,2024,662,178,1.83,156,59,53,-25,-0.11
284,2021,35,4954,4.88,24,34,49,-22,0.1
285,2021,1348,2983,1.74,136,21,26,24,0.16
286,2025,134,1268,1.29,11,24,14,-15,0.19
287,2024,280,4496,3.24,84,81,36,10,-0.02
288,2025,453,2873,4.98,126,88,11,-36,0.27
289,2020,845,3612,1.45,149,43,17,-43,-0.18
290,2021,856,1380,4.79,107,85,45,29,-0.29
291,2021,1681,530,2.31,38,93,49,8,-0.2
292,2025,1281,4285,1.61,99,20,21,40,0.13
293,2025,1159,3673,1.23,18,29,40,44,0.3
294,2023,1262,2003,4.42,174,42,69,-20,0.35
295,2025,1861,4293,1.64,58,82,16,29,0.12
296,2022,193,1216,2.2,51,42,34,10,0.3
297,2023,1933,663,4.98,114,70,23,47,-0.01
298,2023,1441,3397,2.87,126,88,75,32,-0.21
299,2021,1373,1897,2.81,108,77,71,-9,0.5
300,2021,397,3036,2.85,86,61,33,-17,-0.26
301,2023,410,50,3.24,143,94,88,-42,0.01
302,2020,274,2521,2.12,18,85,27,-17,0.45
303,2022,1294,3230,1.09,110,50,40,-38,0.37
304,2023,1644,1936,3.65,36,37,12,40,0.2
305,2021,1680,2755,1.36,57,18,28,12,0.23
306,2024,1896,3316,3.17,116,85,83,-40,0.05
307,2022,582,300,2.39,29,22,45,38,0.43
308,2021,1866,3886,1.82,82,15,57,5,0.36
309,2022,369,1937,4.56,97,96,93,23,-0.26
310,2021,1295,3850,1.66,126,80,95,49,0.23
311,2020,417,1520,4.71,77,56,60,13,0.5
312,2020,1264,3253,3.38,145,21,85,35,0.47
313,2023,1091,4511,4.59,34,50,94,36,-0.22
314,2023,1443,1633,2.91,179,74,94,44,0.19
315,2025,409,4421,4.88,191,10,45,10,0.02
316,2020,1237,4709,2.82,26,99,32,-7,0.31
317,2023,1333,1732,2.88,52,29,49,-17,0.05
318,2025,1568,4608,2.88,176,91,47,27,-0.26
319,2021,705,4724,1.41,21,32,55,5,0.08
320,2022,784,1263,4.89,142,76,34,33,-0.13
321,2020,48,4764,4.91,48,73,46,-44,-0.13
322,2025,734,4702,2.75,199,25,11,-33,-0.28
323,2023,1918,3641,1.77,58,62,27,-37,-0.24
324,2020,1338,397,3.78,108,53,29,8,0.05
325,2023,1710,4153,4.66,126,48,12,28,0.22
326,2023,813,1268,2.74,67,46,61,-14,0.38
327,2021,1727,549,3.69,36,17,45,43,-0.05
328,2021,1847,3373,1.25,150,20,71,21,0.14
329,2024,1995,713,4.26,185,29,88,31,0
330,2020,1917,3537,1.09,71,63,58,-3,0.16
331,2022,507,1036,2.03,79,50,53,26,0.39
332,2020,142,1389,2.02,100,34,93,33,-0.05
333,2020,907,2642,3.25,112,11,10,-5,0.39
334,2025,339,2040,3.8,20,55,85,-34,0.14
335,2025,1774,3106,1.59,132,24,19,-28,0.35
336,2025,1100,192,1.69,55,40,85,-42,-0.27
337,2023,141,2762,3.24,27,56,34,8,0.43
338,2020,1874,2815,3.38,31,30,38,33,-0.15
339,2021,843,476,2.18,117,98,10,-19,0.41
340,2025,1948,2346,2.28,135,15,59,30,-0.14
341,2024,1500,4404,3.2,22,36,51,-40,-0.13
342,2023,377,1471,3.83,94,58,57,13,0.07
343,2021,1678,3289,1.49,178,17,80,-17,-0.16
344,2022,493,3141,1.25,130,83,97,-1,0.43
345,2020,1350,4913,4.71,162,72,75,-17,-0.21
346,2021,57,2045,3.2,163,67,60,-40,0.41
347,2023,5,4352,3.78,88,31,32,5,0.24
348,2023,504,2044,1.44,54,58,78,-1,0.14
349,2021,750,1624,4.88,40,33,12,-49,-0.13
350,2021,1036,4311,3.4,74,36,54,40,-0.26
351,2022,465,4652,4.74,146,32,58,22,-0.26
352,2020,398,80,3.8,147,79,54,-20,0.26
353,2020,1786,1671,4.83,9,92,82,10,0
354,2025,822,4846,4.05,31,22,40,41,-0.26
355,2025,1939,341,4.16,111,90,23,-33,0
356,2022,394,1780,4.91,57,94,19,21,0.21
357,2024,1661,3729,1.93,26,82,77,-45,0.06
358,2025,718,2328,2.37,17,45,94,-17,0.03
359,2023,1662,521,4.93,21,72,47,14,0.19
360,2020,1099,709,2.37,143,60,72,-8,0.24
361,2025,523,1452,4.35,56,14,28,-5,0.05
362,2025,1155,3121,3.36,143,18,91,26,0.11
363,2020,1926,1075,4.31,44,24,22,-33,0.18
364,2024,81,806,2.09,103,26,40,-21,0.21
365,2025,875,4101,3.59,108,21,64,12,0.07
366,2021,1805,3009,2.41,43,24,70,-26,0.31
367,2021,222,1348,4.95,179,23,34,38,-0.04
368,2021,1988,3514,3.53,41,24,19,-19,0.33
369,2021,354,2736,1.86,29,61,27,4,-0.02
370,2022,153,1252,4.99,139,14,35,-45,-0.2
371,2021,876,1360,1.76,101,54,79,-10,0.04
372,2022,507,2503,3.13,156,42,10,-8,0.38
373,2021,844,4365,2.59,177,91,18,-44,0.38
374,2024,1453,2265,1.9,123,96,79,-30,0.16
375,2023,571,346,1.03,102,88,75,-14,0.09
376,2022,1565,879,1.71,166,34,60,-9,-0.27
377,2021,197,2641,1.63,94,52,47,16,-0.16
378,2023,1920,2388,3.52,65,66,49,32,0.42
379,2022,1456,819,2.64,46,69,54,-15,0.47
380,2024,466,2898,1.81,155,49,96,18,-0.07
381,2023,907,774,1.29,143,86,87,0,-0.01
382,2020,1679,663,1.54,104,62,19,-43,0.36
383,2024,645,3107,4.56,152,16,58,-45,0.35
384,2022,160,875,3.09,151,21,47,-45,-0.19
385,2022,329,3490,4.65,59,28,67,-1,0.03
386,2024,728,1062,1.15,120,23,36,-19,0.15
387,2024,1056,1039,1.56,200,31,66,-22,-0.18
388,2025,1803,1262,1.8,80,58,26,48,0.31
389,2022,1179,4355,2.6,66,58,37,-39,0.04
390,2025,1666,2217,1.93,198,100,44,26,0.31
391,2024,1283,823,2.47,79,14,51,-49,-0.27
392,2020,351,4681,4.26,142,36,76,33,0.01
393,2022,994,1351,1.65,158,96,96,49,0.46
394,2025,1465,725,3,41,77,57,49,0.46
395,2024,1583,4547,2.6,87,12,26,-39,0.33
396,2025,824,1746,4.65,84,16,94,30,0.43
397,2023,44,3249,4.06,59,79,49,15,0.1
398,2020,49,582,1.49,105,38,12,-18,0.17
399,2024,958,3218,3.41,129,82,42,36,0.43
400,2021,1408,510,2.7,88,41,52,13,0.18
401,2022,703,378,2.36,179,45,62,-3,0.06
402,2023,1843,4707,4.33,151,69,90,-13,0.35
403,2025,511,4736,2.23,122,68,85,-11,-0.27
404,2024,1856,1951,4.55,72,35,48,35,0.32
405,2021,180,1030,2.69,200,38,73,-18,0.47
406,2023,1816,3999,1.97,179,29,69,48,-0.03
407,2023,1605,1379,4.89,7,67,25,19,0.06
408,2020,909,291,4.09,134,85,89,4,0.43
409,2025,1415,850,4.21,162,73,69,15,0.19
410,2021,570,3760,4.54,34,91,18,-22,-0.23
411,2024,1983,4933,2.57,109,61,27,-30,-0.13
412,2024,1145,1755,1.75,114,52,66,34,-0.28
413,2022,1366,1897,3.65,108,50,42,-23,0.12
414,2023,1288,1651,4.38,177,87,85,-11,0.44
415,2021,1541,2402,1.4,80,50,72,50,0.38
416,2020,1614,887,2.5,38,22,81,37,0.39
417,2023,1032,3754,4.59,143,88,93,-40,0.27
418,2025,1955,1514,3.83,16,83,94,45,0.17
419,2021,152,3215,4.1,159,37,86,40,-0.23
420,2023,254,4799,4.9,30,92,98,-18,-0.07
421,2020,1954,1297,3.1,81,24,93,-24,0.47
422,2021,239,1602,1.84,189,60,86,23,-0.1
423,2025,370,4868,2.83,150,36,100,48,0.13
424,2021,1554,1362,3.45,9,53,60,-37,0.28
425,2024,476,3730,1.28,110,16,74,-37,0.48
426,2021,747,4228,2.48,52,99,50,-47,-0.06
427,2025,837,4588,1.55,63,42,38,19,-0.18
428,2021,1430,1409,3.51,145,37,79,4,0.47
429,2022,1962,4702,3.1,50,80,33,-38,-0.12
430,2022,55,3882,4.12,85,84,28,-46,-0.24
431,2022,1658,4026,1.3,69,92,62,7,0.32
432,2020,1114,4338,4.44,75,25,52,21,0.22
433,2023,1936,2928,4.5,125,80,13,-12,-0.19
434,2024,610,919,3.13,121,85,82,45,0.35
435,2023,938,4112,2.01,184,95,38,47,-0.27
436,2024,365,4347,3.79,117,81,69,0,0.11
437,2025,243,3200,3.9,29,84,41,-12,0.15
438,2021,1319,461,3.79,134,44,58,17,0.07
439,2024,1857,4137,2.17,26,75,54,37,0.15
440,2025,1222,3805,3.6,56,51,90,16,0.36
441,2025,5,4532,4.27,23,64,52,21,-0.28
442,2025,1662,2000,1.77,196,37,49,10,0.1
443,2023,692,530,2.93,177,42,50,-21,0.36
444,2022,1116,2379,1.14,35,92,36,-46,0.39
445,2024,1545,4302,4.76,132,83,12,-43,0.28
446,2025,1456,1221,3.24,17,14,21,37,-0.1
447,2025,569,3524,3.8,76,15,76,24,-0.06
448,2020,758,1394,2.47,67,36,97,-9,0.33
449,2022,1183,4477,4.94,36,67,64,27,0.35
450,2021,654,3191,2.74,89,58,81,-13,0.13
451,2023,509,2559,3.66,45,24,44,2,0.06
452,2022,1457,4051,3.23,20,49,23,24,0.16
453,2025,681,356,2.34,186,99,42,-3,0.35
454,2021,1911,225,1.26,58,78,100,50,-0.16
455,2022,1263,2784,4.83,101,63,86,0,0.36
456,2024,1124,1221,3.98,179,88,25,31,0.46
457,2023,861,4804,1.01,148,27,99,-28,-0.19
458,2021,401,3262,3.61,185,17,74,-40,-0.11
459,2022,236,4737,1.03,87,61,32,-45,0.16
460,2020,254,1016,4.94,138,57,39,-5,0.16
461,2024,1489,1203,2.38,9,57,61,-13,0.33
462,2024,836,2346,4.46,91,64,100,-2,-0.03
463,2021,1922,3189,4.95,28,68,43,-6,0.33
464,2025,310,3209,3.17,161,10,14,13,0.39
465,2021,310,4569,4.54,90,18,97,5,-0.23
466,2024,74,3237,2.24,69,71,99,11,0.41
467,2023,1358,2012,4.32,13,11,43,46,0.25
468,2023,1577,2682,1.83,152,57,18,32,-0.06
469,2025,393,898,2.42,160,32,60,36,-0.21
470,2020,1191,4148,3.36,151,59,66,19,0.17
471,2021,187,2018,1.45,76,25,51,-9,0.14
472,2022,948,1330,4.01,86,99,91,33,0.18
473,2020,151,3958,2.77,124,88,11,-34,0.06
474,2021,1376,272,2.89,191,44,47,-7,0.32
475,2025,1575,3053,2.88,112,91,21,-34,0.48
476,2021,262,1868,3.03,90,70,61,0,-0.16
477,2020,1478,3822,4.72,11,99,49,-24,0
478,2020,1214,2194,2.76,21,89,51,34,0.49
479,2020,254,2226,2.45,177,84,25,-38,0.2
480,2022,1307,3810,1.51,83,22,41,-21,-0.28
481,2024,389,4183,1.97,107,97,86,3,0.37
482,2023,512,1553,1.65,66,75,48,-3,-0.21
483,2024,1335,3489,2.35,165,83,24,-38,0.48
484,2024,1852,4823,1.45,105,23,78,2,-0.29
485,2023,1164,2411,2.34,183,83,20,-11,0.07
486,2025,1645,833,2.32,117,82,47,-21,-0.29
487,2022,1007,105,2.47,192,36,45,23,-0.29
488,2024,78,961,4.8,32,92,73,40,-0.21
489,2021,1748,4685,3.75,24,35,37,-46,0.25
490,2021,1956,1112,1.15,191,42,26,43,-0.24
491,2021,403,4763,1.89,155,20,94,42,0.03
492,2022,978,1362,4.35,165,33,87,38,0.02
493,2022,1907,942,1.4,179,14,45,23,0.12
494,2020,14,1436,4.76,50,18,25,41,0.24
495,2022,1534,4888,3.84,126,41,97,-13,0.1
496,2022,1574,3265,3.27,41,81,18,-28,-0.27
497,2020,1328,1612,4.92,185,18,33,-42,-0.17
498,2020,1155,3841,3.04,70,70,24,-19,0.37
499,2024,1167,4892,1.3,81,74,82,-35,-0.2
500,2022,1207,4732,1.42,37,20,92,-35,0.45
501,2023,1915,1449,1.18,70,74,78,-48,0.17
502,2024,1043,3438,1.88,189,25,14,16,0.26
503,2024,375,362,3.77,92,85,25,-22,-0.27
504,2021,432,587,3.46,49,93,60,32,-0.02
505,2024,268,817,4.78,138,23,74,15,0.36
506,2022,822,346,4.49,177,73,40,-49,0.02
507,2021,698,3227,3.35,89,95,25,34,-0.15
508,2023,701,211,4.75,30,68,45,-28,0.08
509,2023,516,2631,1.45,187,68,29,-38,-0.09
510,2022,1904,282,4.64,71,40,30,-18,-0.23
511,2020,1029,2632,4.86,156,81,15,-27,0.17
512,2021,1486,1506,1.71,162,74,27,8,0.49
513,2024,375,496,4.03,89,57,64,42,-0.03
514,2023,381,3240,2.78,120,19,14,17,-0.24
515,2023,698,1603,1.81,47,20,14,-1,0.3
516,2022,1937,3805,4.53,161,72,41,-39,0.41
517,2025,191,2609,2.58,48,75,22,34,-0.22
518,2024,29,2749,1.2,17,80,46,-43,-0.11
519,2023,195,3680,1,10,78,11,27,-0.29
520,2022,1135,1543,3.25,87,14,53,39,0.05
521,2020,1501,1392,3.21,12,96,60,-49,0.3
522,2020,1156,4273,2.27,124,31,61,48,0.23
523,2023,904,4772,4.67,94,24,25,3,0.1
524,2023,1802,3558,4.64,187,86,89,-21,0.31
525,2021,475,3815,1.15,122,50,18,-4,-0.29
526,2025,1647,1255,1.28,91,16,26,-4,0.49
527,2024,1852,628,4.47,200,85,90,37,0.29
528,2023,595,2304,2.46,14,24,73,10,0.07
529,2023,1080,4696,4.61,158,46,58,-23,0.44
530,2022,648,2207,3.89,125,37,57,-25,0.5
531,2024,1375,3245,2.72,100,76,89,41,-0.25
532,2020,1702,4236,2.45,95,32,42,25,0.35
533,2025,1625,448,2.31,42,80,82,-40,-0.3
534,2025,435,3701,1.98,16,92,57,-23,0.33
535,2022,1174,4939,1.15,193,55,49,-49,0.12
536,2025,1399,550,1.08,13,14,13,-43,-0.08
537,2020,1887,2690,5,23,61,11,3,-0.16
538,2025,1396,538,4.85,113,68,51,-21,-0.26
539,2022,215,2420,2.33,81,96,24,-50,0.37
540,2020,1084,612,2.67,101,30,20,-47,0.32
541,2022,544,4306,4.3,179,26,43,50,0.32
542,2021,638,1111,2.07,54,83,30,-25,-0.16
543,2024,594,1829,1.19,198,90,71,-31,0.21
544,2025,1947,4231,1.37,56,31,16,-50,0.29
545,2021,1040,2923,2.5,167,31,95,-29,0.16
546,2021,1949,2424,4.82,51,97,59,-33,0.08
547,2025,1482,465,3.38,122,30,66,-42,0.07
548,2025,1775,4217,1.67,77,62,92,15,-0.12
549,2025,1527,290,2.74,197,27,92,-32,0.06
550,2021,1593,1053,2.45,94,30,75,-40,0.13
551,2020,1985,4079,4.2,16,29,62,-31,-0.15
552,2021,85,1971,2.34,38,83,20,50,0.26
553,2021,1891,4318,1.96,6,32,57,-22,0.45
554,2024,1712,4346,4.81,120,18,65,6,0.18
555,2022,480,4940,1.75,11,81,61,18,0.21
556,2023,336,2475,4.13,198,69,78,-36,-0.29
557,2024,1162,1469,4.28,122,35,18,-30,-0.25
558,2021,1494,2648,2.38,22,10,42,45,-0.17
559,2022,1079,3799,3.79,135,58,24,18,0.09
560,2022,1394,2008,1.9,98,88,57,47,0.43
561,2023,685,3291,2.23,111,33,72,13,-0.28
562,2022,1921,695,1.76,198,59,99,-25,0.24
563,2023,557,609,3.39,183,58,17,32,-0.2
564,2020,35,2873,1.39,138,41,72,-25,0.14
565,2025,1032,127,4.63,117,72,63,-2,0.15
566,2022,1122,1513,2.39,46,18,88,40,-0.18
567,2020,23,3530,1.8,152,73,75,-3,-0.07
568,2022,1762,3027,1.03,168,35,45,0,0.04
569,2021,1140,889,2.49,169,25,25,-1,0.29
570,2024,63,1794,3.07,51,29,86,-6,0.08
571,2025,142,4887,3.64,60,41,37,-37,0.32
572,2022,134,3393,2.03,190,91,19,-5,0.34
573,2024,260,2266,4.96,174,85,60,-6,0.18
574,2023,83,658,1.23,92,74,19,-6,-0.08
575,2022,1227,1014,2.2,164,16,31,-18,0.04
576,2024,1637,4115,4.21,149,16,84,16,-0.04
577,2023,1838,1525,4.74,166,10,29,-3,-0.15
578,2025,1348,969,1.42,77,74,69,-23,0.31
579,2023,1510,4251,2.5,40,13,56,22,-0.27
580,2020,1946,4358,4.85,66,31,50,31,-0.02
581,2020,1093,1474,4.39,39,33,56,7,0.07
582,2025,24,1264,4.33,112,61,58,-45,-0.11
583,2020,973,3048,4.69,187,45,37,14,0.2
584,2025,1242,4744,3.16,40,80,17,-6,0.28
585,2025,678,4470,1.77,142,93,36,2,-0.17
586,2024,1432,3206,4.38,68,45,10,20,-0.3
587,2021,1940,1636,4.29,58,47,62,0,0.03
588,2020,884,1859,4.52,182,14,16,-16,-0.05
589,2025,1401,2474,2.05,128,60,70,43,0.41
590,2022,1919,1135,3.85,146,94,86,-36,-0.02
591,2025,22,1328,4.49,98,27,30,-33,0.31
592,2021,1831,4799,4.92,72,21,76,-7,0.32
593,2022,55,131,4.8,109,74,42,35,-0.19
594,2023,1140,4917,2.75,43,15,24,31,0.29
595,2020,728,3261,3.77,160,91,94,-17,0.19
596,2023,1149,4650,1.7,89,88,54,29,0.47
597,2020,637,4557,2.24,181,98,14,-14,0.45
598,2022,468,5000,4.65,8,39,54,-9,0.03
599,2022,479,992,3.37,131,47,95,38,0.09
600,2024,857,4197,4.96,160,56,95,-47,0.21
601,2025,1716,3093,2.02,82,40,56,15,0.37
602,2023,1397,598,4.7,167,22,65,-31,0.23
603,2023,175,2530,3.49,197,88,31,36,0.25
604,2022,1616,2771,1.15,162,90,89,-42,-0.29
605,2021,1622,3869,3.18,23,34,47,-17,0.33
606,2024,779,2949,3.11,102,68,73,1,-0.24
607,2021,1797,2792,1.4,150,96,74,-9,-0.22
608,2021,1446,2771,3.01,151,57,78,39,0.09
609,2020,676,3252,2.38,69,34,51,-20,0.32
610,2022,484,4495,3.93,58,40,28,-1,-0.29
611,2023,809,1448,3.66,9,48,34,-32,0.36
612,2022,1692,456,1.87,39,44,31,-13,-0.23
613,2022,572,2328,1.2,65,70,11,-18,-0.13
614,2023,1579,982,3.49,105,49,60,-16,-0.04
615,2024,275,2955,3.01,105,87,56,-19,0.48
616,2020,50,1678,3.31,60,84,13,7,-0.09
617,2023,687,2817,4.9,78,65,52,-4,0.1
618,2024,732,4154,3.25,24,71,61,42,0.07
619,2023,450,2036,1.8,18,52,93,45,0.19
620,2020,44,3498,1.45,125,87,21,-23,0.45
621,2025,1491,4750,3.29,183,28,35,-16,-0.17
622,2020,670,4279,2.14,31,35,16,37,0.44
623,2024,731,1045,3.09,58,99,56,-24,0.1
624,2023,1256,3305,4.95,159,21,13,43,-0.21
625,2024,283,2160,3.82,60,29,69,2,0.36
626,2022,984,1901,2.31,63,86,31,5,0.04
627,2025,453,4159,1.71,124,43,48,38,0.47
628,2025,1310,3324,4.33,195,83,32,-37,0.43
629,2022,628,2801,4.81,59,96,24,-24,0.37
630,2020,1289,4684,4.18,172,44,60,-19,0.13
631,2024,1813,4761,4.72,74,13,84,11,0.26
632,2025,241,419,2.47,165,13,48,-20,0.18
633,2021,848,1237,4.75,75,48,19,16,0.25
634,2021,1887,4598,3.2,15,37,60,-7,0.49
635,2025,841,400,3.87,167,93,65,-25,0.03
636,2020,113,3079,1.87,176,75,90,-9,-0.06
637,2023,1090,3070,4.63,12,89,18,20,0.1
638,2025,704,4399,4.74,74,78,32,39,0.09
639,2020,253,735,2,176,24,21,34,0.49
640,2024,1836,2724,3.31,152,52,69,-13,0.09
641,2021,1371,4327,3.6,145,88,42,-39,-0.07
642,2023,1671,625,4,79,64,90,24,0.17
643,2020,1603,3420,1.42,76,57,35,-13,-0.27
644,2021,417,2452,2.53,109,86,47,12,0.33
645,2025,1798,3447,2.52,47,91,19,35,0.03
646,2025,709,2962,4.38,31,44,31,-18,0.36
647,2024,1702,1742,2,78,34,96,-4,0.29
648,2023,751,4667,1.42,33,47,82,-27,0.26
649,2023,264,1568,3.66,35,49,75,31,0.42
650,2024,972,1526,1.06,146,45,85,-5,0.28
651,2020,764,1626,3.74,184,36,56,28,0.42
652,2023,371,1250,3.87,131,24,74,-10,0.46
653,2024,275,4714,2.36,83,78,81,46,0.05
654,2025,350,4730,4.43,130,87,10,7,-0.11
655,2025,1686,3012,3.87,197,16,67,14,-0.25
656,2024,1042,2207,2.74,101,51,72,45,0.01
657,2021,1288,3311,2.51,34,49,29,-11,-0.29
658,2024,72,1768,2.71,175,13,20,43,0.3
659,2023,1957,3698,3.3,165,96,17,-34,-0.16
660,2021,159,1550,2.6,11,79,20,-46,0.33
661,2024,1820,3861,2.18,98,78,82,-14,-0.01
662,2025,20,809,2.81,184,78,46,5,0.49
663,2023,983,4279,1.03,128,41,38,-41,0.32
664,2023,564,2082,3.29,121,42,80,4,0.35
665,2025,451,559,1.9,58,85,62,-18,-0.11
666,2023,1175,2430,3.73,174,21,37,-27,0.03
667,2022,1503,182,1.2,120,54,59,19,0.26
668,2021,52,2725,4.81,59,43,67,-21,0.49
669,2022,1838,2270,2.83,173,82,52,21,-0.19
670,2025,620,1875,1.87,22,96,80,-48,0.49
671,2024,1488,1336,4.34,57,29,29,27,-0.02
672,2021,1978,395,4.67,141,79,54,11,0.29
673,2021,1228,2962,4.18,136,61,91,-17,0.37
674,2024,1398,1408,2.51,54,92,47,39,0.1
675,2023,1011,140,2.97,119,55,79,-29,0.09
676,2022,1814,1752,2.49,48,46,82,35,0.19
677,2021,315,3012,3.72,64,68,51,35,0
678,2020,1684,4892,2.46,68,18,49,-9,0.35
679,2022,1527,4832,2.52,22,25,41,-1,-0.07
680,2025,1668,933,2.64,189,44,27,4,0.41
681,2025,132,4911,2.1,25,86,27,4,-0.29
682,2022,228,2044,2.53,109,77,16,-49,-0.08
683,2025,1630,124,4.33,89,89,99,-27,-0.14
684,2025,220,651,3.77,165,30,92,-4,-0.13
685,2022,125,2391,1.96,71,96,15,-24,-0.04
686,2023,777,2786,1.71,152,62,16,11,0.02
687,2020,1049,3420,4.57,117,65,99,34,-0.12
688,2025,253,2005,4.74,60,59,58,47,0.46
689,2022,692,543,4.64,145,63,74,-17,0.23
690,2025,78,3151,2.04,75,79,91,-9,0.34
691,2020,175,3678,2.82,182,77,26,23,-0.21
692,2025,172,1543,4.87,123,70,90,-29,0.37
693,2023,1710,1128,1.35,184,40,10,-5,-0.3
694,2023,276,4354,4.65,53,90,21,41,0.29
695,2025,1324,895,3.89,122,47,18,37,-0.23
696,2023,1763,886,3.78,28,59,13,-40,-0.12
697,2021,891,3228,2.38,152,88,94,-48,0.34
698,2022,1967,2644,1.62,106,44,74,-4,0.35
699,2021,1321,4648,3.01,182,40,64,20,-0.25
700,2022,904,2662,4.21,189,99,25,18,0.12
701,2024,1611,4691,3.49,26,57,100,1,-0.14
702,2020,1036,749,3.76,32,26,73,-4,0.02
703,2021,1046,2297,2.99,135,93,67,32,0.48
704,2020,459,580,3.53,156,72,81,49,0.05
705,2024,707,645,4.97,197,92,84,49,-0.25
706,2022,1556,3611,4.25,158,78,33,36,-0.06
707,2020,991,3753,4.77,90,49,15,-13,-0.14
708,2020,1028,2660,3.66,156,19,57,-17,0.1
709,2025,249,3503,4.99,197,31,45,-28,0.24
710,2024,238,3217,4.41,82,24,44,-6,0.24
711,2025,344,4964,1.02,27,99,43,1,0.38
712,2022,1322,4168,4.99,17,43,11,-45,0.18
713,2023,1994,1396,2.38,88,20,94,-27,0
714,2023,1191,2908,3.76,112,52,84,-16,0.27
715,2021,652,4798,1.68,189,21,72,0,-0.14
716,2021,688,3653,3.94,84,67,40,-31,-0.11
717,2025,1228,988,4.92,25,76,64,-36,-0.23
718,2024,1133,3199,1.54,63,25,42,-10,0.22
719,2025,924,840,3.89,153,20,95,-33,0.07
720,2021,1304,2865,1.63,39,68,38,-35,0.32
721,2022,1635,3579,4.02,190,28,77,29,-0.15
722,2025,577,2929,4.66,104,86,32,0,0.21
723,2022,208,4702,4.48,126,65,64,9,-0.16
724,2025,1926,3489,1.01,60,64,46,-13,0.27
725,2020,1506,4398,3.5,24,57,73,15,-0.03
726,2021,1364,4339,3.14,14,90,64,20,-0.13
727,2025,750,1799,2.96,146,95,34,42,0.15
728,2022,948,1905,1.72,24,93,99,49,-0.23
729,2023,1451,3613,3.97,6,43,24,-29,0.39
730,2023,966,1268,3.9,122,85,64,9,0.28
731,2024,1252,1014,2.04,155,60,85,6,0.17
732,2023,344,4853,1.05,23,88,34,4,0.45
733,2021,936,3124,4.15,90,21,48,-18,-0.04
734,2025,1574,3421,1.79,135,50,95,-39,-0.04
735,2020,1810,2841,3.47,62,26,68,11,0.44
736,2025,258,869,2.88,89,14,13,-9,-0.05
737,2023,1779,1684,1.15,16,98,86,-11,0.34
738,2021,1569,1086,3.54,185,53,55,6,0.13
739,2024,1844,907,2.2,178,12,90,36,0.28
740,2023,954,2564,1.43,94,38,50,42,0.35
741,2020,950,202,4.44,48,95,63,13,0
742,2022,1677,3657,4.23,172,88,86,6,0.38
743,2020,1700,4315,2.57,22,45,28,-20,0
744,2024,897,3521,1.45,61,30,73,-35,-0.18
745,2025,390,4700,1.08,171,84,94,20,0.41
746,2025,835,3723,1.15,137,22,39,-4,0.13
747,2022,775,4483,1.2,28,16,41,-48,0.35
748,2021,1768,1511,3.25,52,72,64,13,-0.01
749,2023,613,1300,4.29,51,78,68,-49,0.13
750,2020,250,3914,4.76,50,81,73,43,0.15
751,2020,342,754,2.15,86,18,43,-40,-0.04
752,2024,1186,511,4.42,85,45,62,-25,-0.06
753,2023,225,3068,2.9,161,82,38,-25,0.42
754,2023,1542,4468,4.76,7,30,98,-18,0.47
755,2021,702,653,4.48,190,75,16,-46,0.15
756,2021,825,1456,3.26,122,66,12,-47,0.35
757,2021,119,2593,3.63,164,41,86,37,0.05
758,2022,597,2559,1.71,11,55,40,-4,0
759,2024,934,4412,4.26,147,55,50,-26,-0.04
760,2025,1049,3637,2.11,197,32,67,-5,-0.07
761,2021,485,356,1.58,6,60,68,-2,0.33
762,2023,442,470,4.98,69,44,64,-28,-0.15
763,2022,1809,2422,2.07,118,39,92,-12,-0.19
764,2024,1178,2076,2.05,75,34,63,-29,-0.15
765,2020,1130,3430,2.71,22,88,36,29,0.47
766,2022,756,3583,4.58,69,80,23,15,0.34
767,2024,986,3472,1.28,133,46,32,-40,0.13
768,2021,584,1538,4.39,92,37,54,-24,0.26
769,2023,223,2970,2.36,165,51,55,32,0.15
770,2023,302,4209,3.11,188,58,71,-26,0.33
771,2023,1142,1441,2.21,95,23,99,-15,-0.02
772,2021,796,3587,1.01,58,65,98,17,0.42
773,2020,1042,1112,2.76,35,82,64,-27,0.21
774,2023,271,3881,4.39,172,85,81,42,0.34
775,2021,86,4535,1.79,156,90,24,-31,0.16
776,2025,497,4730,2.28,88,96,53,-48,0.39
777,2025,359,3907,4.29,175,90,92,-25,-0.19
778,2025,1743,4379,3.57,105,58,87,12,0.28
779,2024,269,2125,2.83,160,85,74,-8,0.45
780,2021,962,271,2.22,38,41,53,-5,0.23
781,2022,1521,4734,4.03,14,70,33,41,-0.11
782,2025,497,3045,2.97,88,51,98,23,0.3
783,2023,244,2997,1.01,136,36,94,0,0.36
784,2023,125,1457,1.24,26,77,85,-50,-0.28
785,2024,1722,2868,1.29,73,24,20,-8,-0.05
786,2025,567,4548,3.43,96,73,84,45,0.42
787,2021,1059,677,2.67,29,78,54,21,-0.16
788,2020,453,3904,3.67,36,80,24,33,0.11
789,2024,1429,4354,4.8,138,88,60,-25,0.39
790,2024,1096,2307,4.16,167,30,95,27,-0.21
791,2023,1867,1217,2.66,197,52,87,2,0.02
792,2021,1501,3310,2.3,51,52,50,38,0.3
793,2024,437,4106,2.92,57,29,13,29,-0.29
794,2020,26,3944,2.7,63,96,48,-17,0.08
795,2022,544,3683,3.28,157,96,88,27,-0.06
796,2024,1150,1085,4.49,177,23,41,-48,0.39
797,2020,1184,586,4.51,49,94,78,-42,0.5
798,2020,1117,2132,1.62,106,67,29,-37,0.4
799,2023,154,1086,1.37,175,63,29,-17,0.22
800,2024,768,422,1.63,165,83,30,6,0.15
801,2020,143,3987,3.63,198,14,99,12,-0.01
802,2025,1288,3155,2.97,166,68,48,-2,0.33
803,2025,352,3717,1.56,92,73,97,39,-0.19
804,2020,1558,4749,3.52,192,10,23,-47,-0.14
805,2022,1169,556,1.53,57,30,42,-42,0.47
806,2023,83,4096,3.44,33,45,100,44,-0.01
807,2022,972,3897,2.51,155,79,78,-23,-0.08
808,2020,1858,3786,2.96,125,52,67,-21,-0.13
809,2023,713,2927,3.93,17,74,68,50,0.2
810,2025,1532,1460,3.33,51,73,23,-28,0.42
811,2025,630,2823,3.7,73,69,86,28,0.22
812,2024,99,2341,1.34,170,85,10,44,0.41
813,2024,243,4003,2.91,77,47,21,24,0.47
814,2024,1821,633,3.45,86,100,32,8,0.13
815,2023,584,3642,1.27,193,89,73,2,0.06
816,2024,447,2556,1.62,181,77,53,-19,0.48
817,2024,1318,2587,3.18,117,38,21,36,0.28
818,2025,1745,3938,3.05,106,35,83,13,0.09
819,2021,720,4000,3.2,26,60,50,-40,0.14
820,2020,210,3796,3.13,6,62,78,-14,-0.17
821,2024,191,4025,4.96,13,57,82,-6,-0.2
822,2023,698,58,3.31,21,54,52,17,-0.13
823,2022,297,1844,2.78,33,18,49,35,0.21
824,2023,1477,3484,4.32,63,38,61,4,0.34
825,2024,254,334,2.57,75,60,31,19,0.46
826,2022,262,2507,4.63,126,28,62,4,-0.01
827,2021,440,1706,1.03,99,53,64,8,-0.15
828,2023,1693,1242,1.77,122,83,51,-48,-0.04
829,2020,570,3925,1.54,47,98,22,42,0.08
830,2024,1552,4937,4.4,157,84,49,3,0.04
831,2023,41,1707,2.37,29,33,47,34,-0.29
832,2022,1261,704,4.5,71,68,30,41,-0.21
833,2024,1676,4396,3.97,54,76,23,31,0.12
834,2021,511,1734,1.38,25,67,64,-5,-0.29
835,2023,676,1257,1.56,19,68,68,40,0.25
836,2022,68,3443,4.9,42,41,54,-40,0.09
837,2025,108,2280,3.64,9,89,78,50,0.32
838,2025,1003,2271,1.46,137,70,26,36,0.06
839,2025,113,534,4.08,75,16,99,1,0.04
840,2023,1615,1574,1.01,99,23,83,-42,0.23
841,2023,1935,1161,2.68,46,31,43,21,0.13
842,2024,229,725,2.17,193,46,73,17,-0.21
843,2020,658,1916,3.32,91,87,81,-28,0.17
844,2020,1779,4068,1.24,110,53,84,12,-0.15
845,2021,367,1602,4.93,23,32,57,49,-0.28
846,2025,775,318,3.32,85,81,89,-34,-0.14
847,2024,1105,2678,4.81,35,14,77,38,-0.03
848,2020,964,1850,2.71,18,88,13,23,0.32
849,2024,222,388,2.13,76,62,24,43,-0.06
850,2025,1005,3088,4.59,74,12,34,23,-0.2
851,2023,965,2922,2.69,81,29,58,-6,0.07
852,2023,1293,3794,4.06,96,18,15,6,-0.14
853,2025,1918,3990,2.15,118,99,69,22,0.3
854,2021,1632,1759,2.54,73,23,34,3,0.41
855,2023,1980,2471,2.98,91,10,94,14,-0.16
856,2025,1270,3074,1.12,88,17,81,33,-0.16
857,2022,721,4425,4.33,10,46,30,21,-0.18
858,2020,1720,3949,1.9,17,94,64,-11,-0.23
859,2022,126,1119,1.57,89,94,23,12,0.42
860,2020,1026,543,1.18,196,54,27,48,0.31
861,2020,1264,4249,3.79,6,83,78,-10,0.48
862,2024,560,991,4.07,97,88,51,-39,0.18
863,2023,1103,4132,1.11,154,35,17,-17,0.01
864,2024,1415,4127,1.39,16,82,75,23,-0.17
865,2020,1567,704,3.44,60,58,36,49,0.39
866,2025,992,3897,2.52,107,76,99,30,0.34
867,2022,326,4151,4.59,56,43,72,-39,-0.21
868,2023,174,1678,1.86,186,58,100,30,0.07
869,2021,1416,1580,3.01,83,49,27,0,-0.23
870,2025,198,2109,2.6,135,11,63,26,0.17
871,2022,684,4942,2.53,199,56,68,-16,0
872,2025,1424,2567,2.71,188,66,100,19,0.07
873,2023,146,4536,1.82,51,80,52,-5,0.17
874,2022,1414,2841,1.67,47,50,17,-10,-0.16
875,2020,1858,3864,3.33,9,77,10,4,-0.12
876,2022,1339,684,4.99,175,89,61,-43,-0.07
877,2025,1167,3404,2.71,85,14,22,3,0.13
878,2020,1100,3314,3.18,147,79,72,10,-0.03
879,2022,1321,1630,1.78,26,20,23,-12,-0.29
880,2021,1639,4340,1.77,176,72,32,2,0.15
881,2022,454,1032,3.76,152,21,58,-11,0.36
882,2020,1474,4075,1.35,133,23,87,-41,-0.06
883,2020,285,1357,3.02,14,47,67,16,0.27
884,2022,1084,2415,4.81,151,24,13,12,0.32
885,2021,314,3179,1.4,190,51,24,-24,0.35
886,2022,1121,4144,3.33,116,32,11,-17,0.44
887,2023,1575,2593,3.69,24,45,100,33,-0.08
888,2020,271,2888,4.41,60,59,20,39,-0.29
889,2021,1574,982,1.68,177,81,37,9,0.13
890,2025,1704,1818,1.95,56,60,87,44,0.48
891,2024,1816,2008,2.2,51,90,18,23,0.33
892,2024,1974,3607,4.14,73,19,35,13,0.23
893,2025,1437,1763,2.85,135,65,35,22,-0.12
894,2024,516,889,4.73,126,29,13,7,0.43
895,2025,247,2183,4.62,62,11,70,-45,0.25
896,2023,1685,2472,1.99,106,28,12,20,-0.21
897,2021,1384,3618,1.36,13,40,50,35,0.21
898,2020,250,2986,2.04,60,92,16,7,-0.15
899,2023,561,2503,2.48,83,27,38,16,0.11
900,2024,561,4032,4.72,31,38,76,-34,0.48
901,2024,1565,2802,1.08,156,79,67,-41,0.13
902,2020,42,3504,2.51,47,81,35,29,-0.06
903,2022,168,3871,4.88,178,72,89,-23,0.19
904,2024,1246,3928,3.64,7,50,63,-18,0.13
905,2020,611,3740,4.18,40,20,15,45,0.31
906,2021,382,4037,2.59,137,42,14,-30,-0.26
907,2022,677,1240,2.13,193,46,60,14,0.46
908,2021,1651,3867,4.26,139,76,14,40,-0.13
909,2023,1807,4166,2.24,49,91,19,28,0.03
910,2022,1068,4164,4.7,155,77,27,-32,0.48
911,2021,958,2305,1.28,174,52,75,-42,0.07
912,2023,1952,4935,1.56,10,100,10,8,0.36
913,2024,39,3981,1.99,173,100,95,42,0.21
914,2023,1749,1744,4.07,160,79,41,9,0.03
915,2021,1732,4052,4.41,160,87,63,-15,0.33
916,2025,1696,4812,3.01,186,70,27,-22,0.27
917,2021,1601,4339,4.88,58,92,97,22,-0.24
918,2020,163,1382,1.37,154,86,39,27,0.35
919,2022,590,2805,2.24,93,69,86,37,0.46
920,2022,344,940,1.17,194,67,84,-7,0.31
921,2021,696,4146,2.65,124,55,100,15,-0.28
922,2021,588,4515,2.53,135,80,22,-36,-0.27
923,2021,1365,4650,3.89,50,83,76,11,0.31
924,2025,1216,2216,2.83,123,87,81,-26,0.18
925,2022,640,121,4.13,163,78,64,42,0.4
926,2023,346,4363,2.64,8,43,98,12,0.39
927,2021,996,4086,3.22,28,65,49,-39,0.35
928,2025,618,3892,2.35,101,80,58,22,-0.03
929,2020,280,1186,3.61,122,10,10,38,-0.17
930,2024,911,609,4.15,86,87,58,39,0
931,2021,1438,4903,3.9,81,23,61,33,0.39
932,2023,1051,3438,4.2,11,87,38,-36,0.08
933,2024,425,424,2.7,6,42,99,2,-0.2
934,2023,206,4680,3.56,148,21,97,24,-0.09
935,2025,1307,1844,3.69,103,31,33,-14,0.03
936,2020,1010,3828,4.73,58,73,25,-24,-0.18
937,2024,228,4332,3.81,174,29,85,-5,-0.16
938,2024,145,3438,3.21,61,31,89,12,0.21
939,2022,1374,1320,1.74,11,89,81,44,-0.08
940,2025,1211,2707,1.42,12,35,92,43,0.28
941,2024,762,4291,1.66,28,38,81,-47,-0.3
942,2020,1000,3975,5,195,52,79,-29,0.49
943,2024,907,2888,3.34,65,96,85,-16,0.1
944,2022,1458,3501,2.6,68,12,71,15,0
945,2025,700,3051,1.98,175,15,31,33,0.15
946,2023,185,4166,2.83,118,33,64,-10,0.27
947,2024,1004,4926,4.97,176,44,54,40,0.27
948,2023,1629,531,2.68,182,23,23,20,-0.1
949,2024,1982,3346,4.83,172,24,17,4,0.07
950,2025,1885,369,4.06,98,58,90,12,0.16
951,2020,1129,3917,2.07,120,80,51,-4,-0.16
952,2023,1042,3453,4.25,95,77,13,47,0
953,2021,1072,3241,2.12,122,57,13,38,0.39
954,2023,344,1943,4.4,116,95,13,-20,-0.02
955,2022,1326,877,3.79,59,69,95,-21,-0.13
956,2023,1304,2642,4.09,153,60,47,-16,0.13
957,2025,186,444,1.65,51,96,68,-48,0.09
958,2023,85,2121,3.87,124,10,25,25,0.23
959,2025,963,159,1.26,47,43,43,17,-0.18
960,2025,446,4256,1.76,182,90,85,-35,0.34
961,2020,1375,3309,1.23,49,44,42,-42,0.48
962,2021,421,3025,3.75,11,71,88,6,-0.09
963,2022,513,3979,2.04,132,87,30,-27,-0.19
964,2021,1445,306,2.1,8,86,20,28,-0.22
965,2020,1247,4390,1.55,171,84,70,-33,-0.13
966,2025,501,2787,4.14,28,12,20,-49,0.16
967,2020,1692,3911,1.49,6,42,82,7,0.32
968,2021,78,2856,2.65,109,43,19,-26,0.11
969,2023,1229,2966,4.36,16,47,25,38,0.27
970,2025,66,313,4.35,140,85,10,24,0.49
971,2022,227,4479,1.68,144,22,32,-23,-0.08
972,2020,1644,1531,4.76,119,33,45,40,0.28
973,2020,1780,2569,3.36,46,71,14,-45,0.42
974,2023,910,236,2.05,191,64,53,-49,0.05
975,2022,1331,2316,1.71,136,72,82,42,-0.3
976,2025,352,3159,4.18,167,36,34,43,-0.29
977,2022,336,1126,2.75,75,68,12,45,0.47
978,2024,280,1426,3.64,79,83,43,-27,0.5
979,2022,1067,2527,4.06,190,55,13,-12,-0.14
980,2023,1934,3849,3.74,14,24,24,-49,-0.08
981,2020,611,1715,4.43,91,79,93,36,0.28
982,2020,1908,4931,1.15,116,44,94,-3,-0.01
983,2021,50,3753,1.74,186,47,23,-13,0.38
984,2022,103,3643,3.11,166,15,84,0,0.49
985,2020,1533,3467,4.91,18,15,71,18,-0.11
986,2024,857,367,4.11,20,60,68,24,0.02
987,2025,1317,4095,1.25,132,62,85,11,0.1
988,2025,340,576,4.03,196,38,32,-18,0.12
989,2022,1872,4989,4.77,171,32,68,-25,0
990,2025,369,1183,4.19,179,15,25,27,-0.24
991,2022,1007,2782,2.39,88,43,29,-35,0.09
992,2025,810,1276,1.05,175,87,52,0,-0.02
993,2023,1270,3092,3.37,130,28,40,-40,0.42
994,2022,1370,2700,1.9,135,75,17,-38,0.08
995,2021,162,3405,1.2,109,34,64,-45,-0.03
996,2022,156,2090,1.04,105,87,11,-49,0.1
997,2022,1816,3865,3.76,176,53,75,-1,0.34
998,2024,1151,2944,3.43,174,80,36,-43,0.23
999,2025,1313,1195,1.09,112,94,90,9,0.09
1000,2021,792,3083,3.77,91,17,86,29,-0.28
1001,2020,1827,67,1.85,179,81,39,-35,0.06
1002,2021,1587,4290,3.03,22,96,66,-22,0.43
1003,2020,1981,589,2.44,108,29,90,-17,0.21
1004,2020,1407,3729,3.89,199,25,84,-28,-0.22
1005,2024,569,2913,4.02,188,58,48,43,0.31
1006,2022,1856,1444,3.03,12,63,44,21,-0.27
1007,2023,760,3004,4.36,41,58,59,14,-0.07
1008,2020,38,4453,1.8,188,57,16,13,0.08
1009,2021,140,3044,4.45,129,93,41,1,0.19
1010,2020,1345,2131,1.53,42,38,94,49,0.09
1011,2024,69,4919,1.41,128,84,45,21,-0.13
1012,2021,1953,4197,2.75,20,75,89,20,0
1013,2020,316,2778,1.89,62,14,50,35,0.35
1014,2022,689,2813,1.34,103,44,16,27,-0.16
1015,2025,999,2214,1.27,34,54,16,41,0.41
1016,2022,34,529,3.23,78,87,72,27,-0.14
1017,2023,1382,4837,3.67,194,100,54,49,-0.21
1018,2022,1508,4803,4.34,20,38,34,12,0.07
1019,2024,1425,3142,4.37,37,66,25,2,0.38
1020,2023,348,526,2.59,82,97,42,-36,-0.23
1021,2025,47,1635,4.17,35,63,33,22,0.08
1022,2024,312,555,1.67,10,86,30,27,0.02
1023,2021,729,4728,1.65,151,24,23,-17,0.43
1024,2025,1833,2017,1.14,113,47,65,-39,0.45
1025,2022,355,2127,2.56,174,14,21,-48,0.48
1026,2024,1146,1978,1.61,172,86,50,16,-0.06
1027,2024,1047,599,3.4,150,64,72,10,0.13
1028,2021,1014,4519,2.98,30,20,83,-41,-0.12
1029,2020,1400,2441,2.72,15,22,39,-2,0.19
1030,2020,1651,2911,4.91,88,68,63,15,-0.11
1031,2024,1869,4055,1.1,121,45,80,-19,0.27
1032,2022,803,2299,1.44,168,27,47,0,0.42
1033,2025,902,1043,3.37,44,67,40,26,0.05
1034,2023,1499,324,2.76,108,80,50,42,-0.22
1035,2025,430,996,2.84,93,10,78,23,0
1036,2023,1411,1894,3.95,34,63,59,0,-0.23
1037,2022,197,543,3.15,172,22,25,1,0.08
1038,2022,1118,3889,1.87,119,31,60,-46,0.26
1039,2023,1563,1369,3.58,5,78,65,-44,-0.29
1040,2023,1597,660,3.84,147,23,58,19,0.36
1041,2021,1790,4802,2.75,53,19,32,11,0.33
1042,2025,1144,995,3.44,140,81,16,-42,0.23
1043,2023,30,3636,2.67,82,96,92,-17,0.4
1044,2021,475,4362,1.38,156,60,77,30,0.13
1045,2025,1011,2435,1.87,187,87,67,2,-0.13
1046,2023,1970,4839,2.24,49,78,77,-45,-0.2
1047,2025,1220,955,3.32,159,68,47,-20,-0.29
1048,2021,903,506,1.23,180,37,12,-32,0.2
1049,2022,385,833,3.13,25,90,98,2,0.42
1050,2025,355,1294,1.49,28,19,36,-21,-0.1
1051,2020,1043,1971,2.33,44,56,62,22,-0.22
1052,2020,779,697,4.82,77,67,28,15,0.43
1053,2023,1499,1265,2.32,38,82,81,17,0.42
1054,2025,1713,3712,1.89,154,93,18,7,-0.15
1055,2020,1441,4359,4.35,104,72,81,48,0.17
1056,2021,561,4314,4.68,22,66,40,-25,-0.08
1057,2024,1855,3648,2.97,63,78,10,14,0.49
1058,2025,1555,4184,2.16,95,28,48,-47,0.26
1059,2025,1550,399,1.78,51,50,82,20,0.36
1060,2020,1231,3523,1.32,175,10,68,-30,-0.02
1061,2022,1005,3212,2.55,49,68,94,-37,0.3
1062,2020,1594,1819,3.32,120,16,42,38,0.44
1063,2022,770,327,1.4,113,59,54,19,-0.29
1064,2025,169,4210,4.59,56,92,86,-16,0.08
1065,2025,488,3621,2.55,192,97,80,-30,0
1066,2024,1902,3983,1.91,167,17,88,-38,0.28
1067,2025,108,4499,2.49,198,20,85,-3,0.46
1068,2020,947,2579,1.39,5,48,46,31,-0.03
1069,2022,47,4002,3.94,20,65,27,37,0.09
1070,2024,1201,1720,3.8,147,36,81,27,0.49
1071,2025,540,1553,1.41,122,72,17,-26,-0.02
1072,2023,1761,2551,2.74,158,25,21,14,0.29
1073,2025,1274,1234,3.48,52,19,43,-27,0.23
1074,2025,1829,133,2.49,20,85,75,-8,-0.28
1075,2024,1848,391,2.68,12,91,54,-17,-0.13
1076,2021,2000,3104,1.86,84,84,39,-46,0.13
1077,2025,1738,4264,2.23,6,73,97,-9,0.03
1078,2023,1767,1987,3.08,96,71,72,-41,-0.25
1079,2025,722,1561,1.95,7,12,61,-36,-0.21
1080,2024,858,1389,3.26,195,85,50,-1,-0.14
1081,2025,609,4402,1.19,133,13,66,-35,0.33
1082,2022,35,2808,4.15,24,54,91,15,-0.08
1083,2024,1842,1675,3.08,145,12,52,1,0.21
1084,2025,27,497,2.81,167,81,94,32,0.32
1085,2025,265,4850,3.69,130,53,58,-39,-0.12
1086,2024,585,1376,3.61,8,88,41,-31,-0.12
1087,2023,17,612,4.52,143,37,38,7,0.31
1088,2023,1291,594,1.14,31,65,36,28,0.31
1089,2023,1821,407,2.33,5,89,36,4,-0.2
1090,2021,567,395,4.68,75,63,33,-7,0.21
1091,2022,237,1855,2.9,127,53,74,-50,-0.01
1092,2020,1543,964,1.76,54,17,88,8,0.14
1093,2022,479,4706,2.49,184,50,55,15,-0.15
1094,2023,1209,2106,2.27,58,48,94,25,0.17
1095,2021,1569,4130,1.72,170,10,38,22,-0.14
1096,2020,1872,1049,4.95,137,75,28,37,0.2
1097,2023,1843,2825,1.96,6,76,35,-10,0.48
1098,2025,464,3541,4.78,123,79,53,-38,0.34
1099,2024,948,479,2.4,44,54,99,24,0.44
1100,2024,109,3389,1.44,63,30,85,-4,0.13
1101,2025,1403,4039,2.78,46,61,35,-11,0.21
1102,2024,1190,1653,3.76,169,26,55,-20,0.39
1103,2024,382,3887,2.36,180,13,44,25,0.41
1104,2022,1197,184,3.32,88,29,62,48,-0.16
1105,2025,1366,2663,3.09,21,50,88,-9,0.4
1106,2023,696,2405,1.6,24,32,68,-17,0.18
1107,2024,1492,2481,4.22,170,64,63,14,-0.07
1108,2024,1921,2845,4.91,137,90,83,45,0.43
1109,2023,408,3131,4.85,135,71,82,37,0.14
1110,2022,96,4679,1.85,99,96,75,-37,0.18
1111,2024,1490,2150,3.8,29,45,17,6,0.28
1112,2021,1600,988,2.88,127,66,54,8,-0.1
1113,2025,223,2380,4.73,67,26,72,22,0.37
1114,2020,622,282,1.91,197,44,93,-39,0.23
1115,2024,1619,2226,4.86,21,39,13,-20,0.4
1116,2025,1275,857,1.88,20,87,58,0,0.01
1117,2022,580,4156,4.74,79,32,61,17,0.35
1118,2020,1750,1430,2.96,110,44,41,14,0.08
1119,2022,951,1360,3.17,194,35,91,-3,-0.26
1120,2023,1553,1436,3.85,99,71,25,-10,0.06
1121,2022,850,2625,1.05,55,59,63,32,0.15
1122,2022,32,1414,3.35,124,61,70,-10,0.49
1123,2024,995,3746,2.16,190,21,11,45,-0.26
1124,2022,1806,1611,2.11,192,17,70,-31,-0.25
1125,2020,1309,1289,1.48,29,97,16,48,0.03
1126,2023,1463,2069,1.55,186,77,23,-15,0.35
1127,2022,698,3365,3.56,165,100,74,-24,0.41
1128,2021,820,2553,3.61,51,43,66,-5,0.02
1129,2021,970,4429,4.51,88,29,69,47,0.26
1130,2025,891,4973,2.8,102,94,38,-37,0.33
1131,2020,1341,3306,2.82,79,34,70,-11,-0.18
1132,2025,427,3044,3.96,47,38,88,-19,-0.2
1133,2023,946,374,3.48,187,14,29,41,0.48
1134,2025,1418,4555,3.27,85,31,58,-7,-0.06
1135,2020,1626,4632,4.31,62,67,56,-17,-0.24
1136,2025,388,3576,3.6,23,38,21,34,0.1
1137,2020,1651,4692,1.95,52,45,19,13,0.43
1138,2022,20,2322,1.81,26,62,91,42,0.15
1139,2021,1203,1853,3.62,35,44,79,24,-0.07
1140,2023,779,675,2.62,127,67,97,38,0.38
1141,2021,722,920,3.85,161,21,91,-34,0.15
1142,2023,1841,3900,1.53,127,42,75,-17,-0.18
1143,2022,1381,4753,4.09,190,91,51,-7,-0.27
1144,2022,450,430,3.32,57,53,15,-50,0.23
1145,2020,1134,4144,2.9,106,86,54,-38,-0.05
1146,2022,618,592,1.81,15,26,94,-14,0.29
1147,2021,1655,2667,4.12,144,49,14,43,-0.27
1148,2020,1806,4262,4.27,68,68,64,-12,-0.03
1149,2020,1737,2718,3.23,86,59,47,24,0.34
1150,2022,1556,1184,5,115,92,42,-1,0.32
1151,2022,555,3254,3.67,106,94,10,49,-0.14
1152,2023,669,4095,4.34,111,83,40,-17,0.15
1153,2023,652,4326,1.35,159,88,55,36,-0.28
1154,2023,1856,1545,4,55,42,40,-34,0.37
1155,2020,888,3211,3.77,178,44,66,38,0.16
1156,2024,1301,1445,1.77,142,86,75,15,-0.08
1157,2022,1432,994,3.74,183,79,70,-2,0.12
1158,2025,390,1571,4.24,76,63,12,-46,-0.18
1159,2024,1499,2981,4.66,54,94,56,12,0.04
1160,2025,855,4845,1.17,111,70,21,30,-0.18
1161,2023,995,1811,2.35,176,23,33,-25,-0.03
1162,2021,1367,442,5,99,81,78,-48,0.32
1163,2020,979,2653,3.36,62,45,25,25,-0.05
1164,2024,999,1572,3.93,156,45,36,-32,-0.21
1165,2020,1050,2767,1.44,20,65,38,-35,0.25
1166,2021,772,2732,4.96,142,15,11,6,0.16
1167,2022,576,2271,4.04,25,41,30,30,-0.08
1168,2025,1969,3077,1.13,14,21,57,-43,0.29
1169,2023,469,3201,2.39,7,85,90,25,0.1
1170,2022,1158,2818,1.85,30,34,58,36,0.31
1171,2022,1750,1245,2.6,105,69,95,-46,-0.16
1172,2021,1137,2313,2.42,192,14,51,20,-0.3
1173,2021,1790,3823,4.77,129,40,91,18,0.01
1174,2024,1126,4559,1.62,135,81,72,0,0.22
1175,2022,730,764,1.28,134,26,66,-35,0.1
1176,2023,648,1474,2.16,120,71,47,44,0.06
1177,2022,536,2501,1.24,182,27,12,39,0.09
1178,2020,916,3016,2.97,150,30,67,-50,-0.22
1179,2022,1099,2985,3.38,25,16,42,-49,-0.13
1180,2023,65,77,3.42,110,24,73,-14,0.32
1181,2025,1138,804,1.33,96,85,13,-30,0.28
1182,2025,1817,2777,3.86,31,83,36,42,0.04
1183,2025,1495,3442,1.48,189,39,57,-13,-0.23
1184,2025,1996,3747,1.89,96,35,53,-3,0.16
1185,2025,911,4359,4.78,109,81,17,-34,0.02
1186,2025,342,3003,4.43,64,55,61,3,0.03
1187,2020,1408,4932,2.94,154,11,96,18,-0.12
1188,2021,1461,4801,3.54,39,97,61,38,-0.14
1189,2021,1756,1883,2.93,68,52,54,24,-0.03
1190,2024,1368,4614,1.65,193,91,95,-2,0.15
1191,2025,975,1986,4.59,15,69,64,28,0.24
1192,2024,1424,2836,4.69,62,76,65,30,-0.2
1193,2022,1824,1660,1.27,200,80,86,-4,0.08
1194,2021,1357,2634,2.24,40,92,12,-5,-0.03
1195,2021,349,1440,4.68,12,71,99,-43,-0.16
1196,2023,52,1866,4.57,66,99,28,32,-0.1
1197,2021,1926,3008,2.6,26,25,56,26,0.38
1198,2020,1043,2040,2.84,49,68,20,49,-0.28
1199,2024,1244,2346,3.71,193,60,72,-28,0.47
1200,2023,1948,398,1.93,21,81,84,22,-0.3
1201,2023,1653,2565,2.17,191,72,26,45,0.01
1202,2025,694,663,2.03,193,63,45,13,0.18
1203,2025,1695,4533,1.62,154,58,82,-19,0.43
1204,2021,1878,864,3.82,66,64,51,-38,0.4
1205,2022,1660,3801,1.22,60,45,64,46,-0.05
1206,2021,1639,2837,2.93,185,54,97,23,0.01
1207,2023,1257,4841,4.13,176,44,94,34,0.42
1208,2023,1814,4087,4.17,129,45,44,-21,0.02
1209,2021,972,4414,1.35,138,83,80,-30,0.42
1210,2021,1398,4610,3.81,138,35,60,-7,0.05
1211,2022,575,4410,2.61,52,60,67,41,-0.08
1212,2024,615,567,1.8,196,79,98,0,-0.28
1213,2023,1531,713,4.97,193,61,93,45,0.1
1214,2024,1101,4364,2.52,112,94,86,48,0.19
1215,2020,568,2180,4.31,82,97,50,-14,0.08
1216,2020,505,81,1.88,157,10,50,-42,0
1217,2023,1557,3211,2.69,114,36,45,6,0.44
1218,2021,1986,3914,2.83,105,12,78,-4,-0.26
1219,2025,1887,4809,2.09,165,20,36,28,-0.28
1220,2020,615,709,4.5,190,53,47,-15,0.18
1221,2022,1247,2004,4.69,84,44,43,13,0.49
1222,2021,467,1006,3.82,39,39,48,4,0.41
1223,2022,403,2290,1.44,151,55,82,19,0.15
1224,2021,1471,729,2.06,133,83,34,7,-0.29
1225,2020,439,1791,3.63,112,72,92,10,0.41
1226,2024,727,4757,4.74,117,100,86,-45,0.11
1227,2024,952,1711,1.97,47,74,43,16,0.5
1228,2023,372,439,4.31,180,54,15,18,-0.04
1229,2022,1092,4446,3.35,144,71,85,41,-0.17
1230,2025,1397,1595,1.2,101,32,77,2,-0.11
1231,2022,1985,4196,4.34,186,80,66,27,0.08
1232,2022,403,498,1.88,50,65,49,4,-0.19
1233,2022,43,2542,1.83,150,83,13,-32,0.08
1234,2023,890,2720,4.75,76,41,20,45,-0.12
1235,2020,1007,1957,4.12,25,15,31,-5,-0.14
1236,2021,550,842,3.41,116,78,38,-29,0.06
1237,2022,408,1360,3.34,190,41,93,-7,0.12
1238,2023,422,3515,3.06,184,39,76,-14,0.45
1239,2020,829,2695,4.68,83,42,77,21,-0.06
1240,2025,1886,4362,3.05,144,23,19,2,-0.3
1241,2022,513,3464,2.41,54,31,54,34,0.25
1242,2021,719,2672,2.3,123,68,66,-45,-0.19
1243,2024,1523,3398,2.88,191,36,23,-47,-0.1
1244,2024,1631,4561,4.5,101,15,45,-45,0.12
1245,2025,1181,361,3.45,169,38,78,-8,0.27
1246,2024,1800,3992,4.05,50,49,79,-42,0.27
1247,2023,1690,1624,2.16,186,80,22,35,0.22
1248,2025,971,3484,4.77,115,45,16,-36,-0.23
1249,2022,738,744,3.92,170,55,35,26,0.08
1250,2023,1974,645,3.61,28,49,90,46,-0.03
1251,2020,1080,836,2.99,187,59,93,-38,0.14
1252,2024,250,3844,1.84,182,93,78,12,0.28
1253,2024,1129,3402,1.31,179,18,26,-46,0.07
1254,2024,601,3296,2.2,76,83,23,-36,0.16
1255,2020,1848,3660,2.11,64,70,14,-23,0.37
1256,2023,1072,4720,2.38,198,96,90,-16,-0.19
1257,2023,1909,104,4.91,40,98,100,-47,0.01
1258,2023,1182,165,3.81,53,48,46,-28,-0.22
1259,2020,80,834,4.16,101,83,16,-42,0.18
1260,2024,117,3174,3.19,73,86,77,-3,0.25
1261,2025,1732,2756,4.64,26,58,21,47,0.22
1262,2025,850,1898,2.51,76,29,61,4,0.15
1263,2022,1604,2409,2.09,80,27,82,-34,0.23
1264,2023,1825,2442,3.69,198,14,44,-6,-0.01
1265,2024,873,2050,2.01,101,62,89,16,-0.05
1266,2021,183,2974,4.21,7,62,19,37,0.08
1267,2020,1117,4317,1.4,79,75,11,45,0.17
1268,2021,1466,3468,3.99,193,78,95,-12,0.25
1269,2022,1901,2808,2.08,145,31,99,-25,0.4
1270,2024,573,2816,1.31,6,62,70,32,-0.19
1271,2023,301,3959,2.79,130,94,31,-29,0.23
1272,2021,1446,3565,3.41,125,95,14,32,-0.23
1273,2023,1690,1772,4.86,52,68,40,-10,0.48
1274,2022,722,3260,1.85,182,86,48,3,0
1275,2022,1412,1786,1.08,85,28,36,-15,0.02
1276,2021,911,635,3.54,136,22,25,26,-0.14
1277,2020,1916,60,3.53,94,72,66,-28,-0.15
1278,2024,1029,4906,4.69,81,53,97,39,0.5
1279,2024,1437,2342,4.8,129,57,54,25,-0.19
1280,2021,1934,4433,4.6,96,77,84,-19,-0.06
1281,2023,1449,1481,2.61,53,79,16,5,0.09
1282,2023,223,4536,1.38,101,40,14,48,0.01
1283,2025,1715,2180,2.31,40,35,72,37,-0.12
1284,2020,329,3290,3.52,107,79,14,47,0.41
1285,2020,879,2084,3.74,70,24,50,-28,0.19
1286,2021,1745,1962,4.65,152,56,15,-40,0.19
1287,2021,450,2564,4.21,20,14,73,-50,0.37
1288,2024,1005,1621,3.11,42,91,85,13,0.04
1289,2025,741,4861,4.74,175,12,77,47,0.47
1290,2024,1506,1226,3.93,27,58,73,41,-0.18
1291,2025,1411,3292,1.27,130,45,72,-26,0.08
1292,2024,1867,760,2.84,107,56,97,-36,-0.18
1293,2020,1086,2312,4.36,48,40,18,-17,0.01
1294,2020,717,2878,3.28,146,62,52,10,-0.02
1295,2023,1581,337,1.62,39,68,22,42,0.21
1296,2021,234,4931,4.06,15,57,70,48,-0.17
1297,2021,1482,1921,2.75,193,11,15,-43,0.07
1298,2024,971,2007,2.64,82,12,39,28,0.3
1299,2023,1488,4960,1.18,147,28,83,15,0.2
1300,2022,1258,1472,1.46,71,94,84,43,-0.2
1301,2020,133,3326,4.62,45,31,72,39,-0.24
1302,2022,1128,4157,1.48,46,71,73,27,-0.22
1303,2025,985,1453,4.6,88,31,24,-28,0.39
1304,2021,1594,3844,3.5,101,89,64,-11,0.17
1305,2021,413,3579,4.79,127,22,32,42,0.09
1306,2024,448,4510,3.3,93,12,29,7,0.16
1307,2022,1155,3354,4.58,148,25,97,-37,0.1
1308,2024,224,4494,3.77,75,92,60,-48,0.02
1309,2025,1701,4685,2.16,82,54,65,20,-0.11
1310,2021,153,2608,3.23,113,77,16,-15,0.15
1311,2022,1361,2648,2.04,166,52,22,-7,0
1312,2025,547,4071,4.58,56,85,42,-43,0.4
1313,2023,1231,4540,2.95,100,68,14,-12,-0.27
1314,2022,1083,2981,4.3,52,21,85,21,0.31
1315,2020,1646,4013,1.14,197,64,35,-5,0.14
1316,2020,1781,3131,4.19,158,58,26,-11,-0.13
1317,2022,1357,4907,2.03,11,78,88,-4,0.3
1318,2025,688,4688,3.54,51,23,13,-25,0.29
1319,2022,1520,2719,3.34,101,100,11,40,0.12
1320,2023,1027,4949,2.53,6,14,100,-24,0.12
1321,2020,171,507,4.06,36,32,80,39,-0.14
1322,2024,1284,4363,1.16,80,88,72,-24,-0.19
1323,2022,959,4479,1.13,157,80,21,-27,0.11
1324,2025,1889,3752,1.77,98,10,30,32,0.01
1325,2025,1699,856,4.86,67,76,22,-46,0.45
1326,2023,667,3297,3.21,146,94,78,-2,0.33
1327,2021,17,1164,4.18,65,78,88,-31,0.31
1328,2024,565,349,2.63,49,13,31,14,0.27
1329,2024,1511,3434,1.13,88,16,44,-39,0.33
1330,2024,1412,1322,4.96,86,42,27,-17,0.1
1331,2024,1629,4678,4.75,118,89,98,38,0.33
1332,2020,1046,1185,4.96,112,42,74,42,0.23
1333,2023,498,1299,2.06,60,81,10,-19,-0.01
1334,2025,1008,4321,1.46,107,57,60,-17,-0.03
1335,2021,500,3345,2.32,184,35,90,-48,-0.05
1336,2020,1914,3388,2.92,12,19,81,1,-0.08
1337,2023,278,1054,2.22,127,93,41,-22,0.29
1338,2021,1756,1820,4.65,104,97,30,-10,0.29
1339,2021,1024,1455,2.21,56,22,39,24,-0.29
1340,2020,1574,4981,1.87,160,67,15,-26,0.34
1341,2021,741,2331,3.03,31,90,55,16,0.19
1342,2021,1478,1867,4.6,54,20,13,-32,-0.27
1343,2022,424,649,4.08,59,47,28,-18,0.15
1344,2023,891,2158,2.46,32,93,55,39,0.1
1345,2022,1488,1687,4.85,107,11,24,-22,0.06
1346,2024,1984,2313,4.89,120,85,84,33,0.11
1347,2025,619,2545,2.78,38,66,92,-42,0.09
1348,2024,1215,4510,3.08,109,19,74,13,0.12
1349,2025,851,3756,2.69,185,27,51,-7,0.5
1350,2025,819,3571,3.62,188,66,22,20,-0.05
1351,2023,364,1164,1.29,38,33,78,0,-0.03
1352,2024,746,3558,4.16,180,94,76,-17,0.08
1353,2021,146,1005,2.01,174,30,58,21,-0.23
1354,2022,990,1088,2.5,18,59,49,-36,-0.25
1355,2020,628,2767,3.78,62,67,40,10,0.32
1356,2020,226,867,1.42,182,95,35,27,0.45
1357,2023,160,4256,3.37,191,40,27,-19,0.2
1358,2020,1193,834,4.44,112,38,67,-24,0.4
1359,2025,209,3759,1.09,162,96,26,-42,0.08
1360,2021,313,864,4.49,22,100,20,49,-0.22
1361,2023,1283,1981,2.39,173,73,44,-25,0.44
1362,2022,482,4270,3.01,60,13,50,1,-0.27
1363,2021,1319,3355,4.71,111,63,68,4,0.18
1364,2025,71,654,2.57,109,27,26,4,0.3
1365,2024,1809,4286,3.01,184,45,92,-21,0.36
1366,2022,1918,196,1.43,171,20,87,-15,0.25
1367,2021,1854,2633,3.92,83,71,81,35,0.28
1368,2022,700,1150,3.72,44,100,60,-18,-0.29
1369,2025,155,3144,1.83,51,21,53,-50,-0.21
1370,2020,1981,2778,4.82,99,77,52,1,0.49
1371,2020,1542,4361,4.29,122,69,77,-35,0.21
1372,2025,1891,280,3.17,88,16,63,-11,0.03
1373,2025,1071,2863,4.4,54,96,10,37,-0.06
1374,2024,1868,1910,2.97,83,31,45,-30,0.18
1375,2021,901,1710,1.6,194,15,85,23,-0.17
1376,2024,1359,4470,4.83,22,59,95,-24,0.3
1377,2023,1573,1131,1.52,129,92,86,-17,0.43
1378,2022,1301,2859,4.18,66,89,69,44,0.43
1379,2020,1297,1872,4.56,176,74,16,-1,-0.16
1380,2020,653,3417,1.37,91,99,20,5,-0.11
1381,2025,395,4103,3.97,173,67,62,33,0.17
1382,2022,1757,568,2.96,176,16,77,50,0.43
1383,2025,1857,1895,3.8,169,92,68,-28,0.16
1384,2023,448,2549,4.53,141,19,43,-50,0.49
1385,2020,1180,2438,1.74,75,51,19,37,0.4
1386,2025,6,796,3.72,102,64,36,13,0.09
1387,2023,1969,4951,2.26,15,11,84,2,0.17
1388,2021,1804,169,3.19,37,14,27,-46,0.04
1389,2020,893,4860,3.81,117,78,90,-31,0.34
1390,2020,382,3037,3.41,68,67,65,-7,-0.05
1391,2025,467,2153,2.41,42,51,83,44,0.1
1392,2025,1669,1476,4.32,85,31,35,-6,-0.19
1393,2024,906,4463,3.13,120,50,66,-3,-0.17
1394,2021,750,2609,4.99,145,63,60,-6,0.09
1395,2024,1032,60,4.05,196,37,91,-33,-0.24
1396,2022,1966,2199,4.29,95,37,78,-32,0.22
1397,2021,1884,3334,2.18,43,68,53,15,0.2
1398,2020,335,1680,3.96,159,95,83,-45,0.42
1399,2024,1469,1075,3.77,176,97,34,-31,0.47
1400,2021,782,3811,3.48,127,85,11,17,0.23
1401,2020,321,263,3.58,154,50,45,49,-0.2
1402,2025,1577,4080,3.87,170,74,84,23,0.45
1403,2025,1998,4213,3.34,8,21,45,6,0.45
1404,2023,609,2397,2.97,143,53,15,36,0.14
1405,2020,1017,3393,4.05,114,31,61,-24,0.5
1406,2022,978,1460,1.48,66,94,19,20,0.12
1407,2021,343,3174,3.02,123,16,73,-16,0.38
1408,2021,787,1698,1.55,200,47,70,-35,0.17
1409,2021,1811,3450,4.83,34,22,27,12,0.07
1410,2022,380,4425,4.25,110,59,66,-25,0.28
1411,2021,1592,594,2.36,8,68,15,-32,0.17
1412,2021,64,3695,3.43,171,82,40,15,0.43
1413,2025,1096,2110,3.36,170,24,56,-19,0.34
1414,2020,537,2303,3.37,62,95,90,-9,0.46
1415,2024,1027,563,1.14,24,80,55,21,-0.1
1416,2023,379,132,2.55,195,46,62,8,0.42
1417,2021,1823,3494,1.61,6,89,54,-5,-0.12
1418,2022,467,1553,4.64,106,57,39,-23,-0.11
1419,2024,1968,873,4.76,119,85,59,-35,0.33
1420,2023,1222,4969,1.2,37,68,25,1,-0.28
1421,2024,250,463,1.84,84,66,33,43,-0.2
1422,2024,837,703,1.54,12,26,56,-41,-0.24
1423,2025,484,723,2.63,45,33,52,36,0.21
1424,2023,1615,700,2.39,148,22,78,-42,0.02
1425,2021,1788,1026,2.36,79,10,10,43,0.27
1426,2021,975,3322,3.16,68,30,76,12,0.48
1427,2021,1097,2008,4.09,144,14,82,-4,-0.27
1428,2022,802,1141,3.35,103,21,34,24,-0.24
1429,2020,482,671,3.36,110,55,28,3,-0.22
1430,2021,263,2233,1.36,45,28,58,-2,-0.19
1431,2023,705,3255,1.59,155,19,63,48,-0.06
1432,2020,1313,1061,3.82,21,77,44,-50,-0.12
1433,2023,1261,1097,1.6,61,97,76,3,-0.21
1434,2022,298,342,4.44,5,69,47,-5,0.09
1435,2022,1646,3572,3.49,96,36,65,-34,0.24
1436,2021,530,582,1.75,33,76,100,26,0.13
1437,2024,1972,3621,1.86,129,55,70,-16,0.3
1438,2023,136,870,2.63,181,78,71,-40,0.24
1439,2025,1085,2259,3.39,49,89,45,11,0.36
1440,2022,618,2339,3.36,185,56,21,-30,0.14
1441,2020,870,4179,2.01,125,68,65,34,0.4
1442,2024,161,1305,3.15,177,82,93,-40,0.41
1443,2023,850,3748,2.5,160,42,78,-42,-0.02
1444,2023,689,1251,1.94,84,92,75,-22,-0.09
1445,2023,1805,4042,2.55,90,50,45,44,-0.22
1446,2021,961,3554,4.07,73,13,66,-31,0.13
1447,2022,1904,963,4.26,179,91,11,-8,-0.04
1448,2025,706,3814,1.73,115,28,85,-36,0.06
1449,2024,876,1701,1.57,127,99,29,40,0.25
1450,2023,736,3718,4.39,28,44,24,-38,0.42
1451,2025,853,1262,3.96,61,61,18,16,0.43
1452,2020,539,569,4.74,77,46,15,-36,-0.11
1453,2021,51,3723,4.85,170,68,53,-42,0.06
1454,2025,486,1366,2.81,192,60,57,-5,-0.05
1455,2025,112,4938,3.33,85,71,30,45,0.34
1456,2023,1772,2970,3.68,38,91,26,-37,0.47
1457,2023,1501,459,4.54,189,55,10,9,0.08
1458,2022,1530,1905,1.15,19,99,14,37,-0.07
1459,2020,1081,3199,4.46,196,66,91,-48,0.08
1460,2025,193,3419,2.36,101,62,91,3,0.33
1461,2020,565,3691,1.89,18,58,92,-18,0.07
1462,2024,1833,1672,2.39,110,97,71,47,0.1
1463,2023,1553,1024,2.32,41,72,76,36,-0.11
1464,2025,1253,1528,1.17,152,30,47,-42,0.29
1465,2024,366,4410,4.25,33,74,15,50,0.08
1466,2022,518,1065,2.6,176,40,19,27,-0.12
1467,2020,336,1891,1.88,59,97,64,21,-0.06
1468,2025,229,1736,2,70,35,88,-4,0.03
1469,2021,883,1361,4.26,109,39,14,-13,0.21
1470,2025,619,4533,2.34,82,67,18,28,0.05
1471,2020,731,467,3.92,45,81,74,-2,-0.09
1472,2020,502,701,1.91,186,38,74,-25,0.31
1473,2022,1667,3825,3.38,184,85,63,24,0.16
1474,2021,228,3303,2.02,39,87,30,-19,0.01
1475,2024,148,3668,2.43,90,60,72,20,0.22
1476,2025,1546,4918,2.69,5,65,82,9,0.15
1477,2023,920,100,1.57,68,41,17,-25,-0.12
1478,2020,1626,1116,3.68,126,32,89,49,0.26
1479,2023,1047,4573,2.06,123,33,59,19,-0.2
1480,2021,1335,1598,2.04,170,48,42,-21,0
1481,2022,39,138,3.86,86,43,71,16,0.16
1482,2022,734,3437,2.2,85,60,63,-29,-0.01
1483,2020,1313,3634,4.97,155,100,31,39,0.48
1484,2024,545,4167,3.84,15,27,55,17,-0.11
1485,2023,1672,273,2.24,88,32,91,-5,0.48
1486,2024,572,1864,1.26,40,83,47,44,-0.17
1487,2023,1734,2762,2.14,45,91,17,11,-0.28
1488,2024,1684,4253,3.21,109,46,81,-38,0.31
1489,2020,384,341,1.47,149,26,34,-6,-0.15
1490,2022,331,4645,4.29,111,47,56,33,0.33
1491,2021,500,3325,3.12,20,93,54,25,-0.11
1492,2021,433,2201,2.61,5,34,31,-2,0.06
1493,2022,1977,2457,3.09,192,52,17,50,0.31
1494,2024,1685,2088,4.84,66,97,82,35,0.09
1495,2021,286,3578,2.18,103,12,87,-50,0.3
1496,2020,1211,1797,3.07,132,64,97,-15,0.3
1497,2023,472,1376,1.51,165,66,96,-15,-0.11
1498,2024,137,2494,3.94,140,71,57,41,0.47
1499,2023,1886,832,1.82,133,18,81,47,0.19
1500,2024,1046,2591,4.04,164,71,84,-33,-0.19
1501,2024,276,4480,1.64,67,54,64,12,0.32
1502,2025,1919,1548,2.92,116,87,30,-25,0.29
1503,2023,1302,2594,1.16,99,57,52,30,-0.21
1504,2024,1968,3932,2.84,41,45,20,48,-0.18
1505,2025,37,1561,4.23,88,79,98,34,-0.03
1506,2020,1493,4130,2.49,17,50,11,-20,0.34
1507,2022,1449,4694,4.94,11,40,66,15,0.49
1508,2020,44,1035,2.08,40,81,39,49,0.11
1509,2024,409,1383,1.81,119,37,77,50,0.23
1510,2022,1247,2081,4.12,99,98,94,-35,0.3
1511,2024,1548,3975,1.46,169,91,53,-9,0.17
1512,2024,1599,3118,4.9,79,68,88,14,-0.08
1513,2020,295,2227,1.44,53,56,59,-48,-0.25
1514,2023,26,175,1.61,43,50,41,-47,0.08
1515,2024,222,2597,4.69,78,87,50,37,0.45
1516,2025,1261,2889,1.91,120,39,71,-48,-0.01
1517,2022,1117,2752,4.47,59,31,58,9,0.39
1518,2025,389,3342,2.34,164,20,15,-50,0.33
1519,2023,1452,3425,1.62,70,90,72,-7,-0.27
1520,2022,1952,4490,1.73,187,26,71,-42,0.41
1521,2024,1165,2251,2.4,61,69,29,-38,0.19
1522,2021,992,3931,3.1,191,100,41,-31,0.34
1523,2020,641,479,3.34,109,77,71,9,0.28
1524,2020,1482,4019,1.95,174,82,89,-8,-0.08
1525,2025,713,4295,1.35,141,83,48,-42,0.14
1526,2020,193,2269,2.48,63,65,24,-50,-0.2
1527,2022,950,3765,1.24,196,73,38,10,0.02
1528,2024,1038,3477,4.08,109,53,47,27,0.04
1529,2022,1388,3013,2.12,37,24,76,-1,-0.21
1530,2022,650,379,1.29,58,47,38,-2,0.29
1531,2022,879,1948,3,32,63,84,-5,0.24
1532,2020,377,1254,2.37,40,11,45,-23,0
1533,2024,240,1271,1.1,32,18,13,50,0.35
1534,2024,1925,3379,2.43,168,37,73,-27,0.15
1535,2022,312,955,2.16,23,37,40,32,-0.26
1536,2021,1071,4004,3.22,17,42,36,-2,-0.16
1537,2021,4,4514,1.48,144,19,12,-21,-0.2
1538,2020,356,1267,2.02,177,68,46,-40,0.2
1539,2021,317,1355,1.81,176,42,36,22,0.22
1540,2025,876,1379,4.43,119,85,38,-21,0.32
1541,2022,186,3272,1.07,190,65,24,-14,0.26
1542,2024,1887,4353,2.63,85,38,46,43,0.39
1543,2024,1755,2280,4.36,91,61,13,24,0.38
1544,2022,952,1703,4.22,198,12,48,-6,0.33
1545,2022,764,1687,4.32,47,21,43,-44,-0.16
1546,2023,504,2146,3.72,149,98,89,4,0.13
1547,2023,1419,2418,4.69,115,24,12,17,-0.26
1548,2023,581,4530,1.17,8,62,83,-43,-0.08
1549,2025,7,3377,4.72,42,62,66,39,0.45
1550,2025,453,620,1.14,182,30,17,-6,0.43
1551,2022,338,820,1.32,57,21,40,-36,-0.27
1552,2023,1697,4961,1.57,85,53,57,-24,-0.28
1553,2025,1262,2130,1.06,8,15,17,22,0.49
1554,2021,749,3022,3.05,30,12,22,-33,0.14
1555,2025,1230,117,3.13,200,95,71,40,0
1556,2020,1841,4808,1.64,67,71,10,-49,0.07
1557,2020,195,4525,3.17,7,52,53,-45,-0.29
1558,2021,1515,1301,4.22,120,52,86,-42,-0.06
1559,2020,344,710,1.6,87,18,58,46,0.38
1560,2020,1082,265,4.63,21,94,44,12,0.1
1561,2025,1208,134,4.14,132,100,84,-1,0.01
1562,2022,15,3963,3.67,181,78,24,38,0.02
1563,2025,1291,337,3.89,29,23,17,-18,-0.18
1564,2024,1628,3042,4.38,18,45,21,48,-0.17
1565,2025,716,4878,1.73,11,54,68,11,-0.02
1566,2024,84,1050,1.77,113,90,40,-18,0.05
1567,2021,632,4248,1.68,51,27,31,-13,0.2
1568,2025,1329,3023,2.52,129,78,75,44,-0.16
1569,2021,1946,1387,4.78,166,91,90,24,0.28
1570,2025,1958,4836,3.79,17,24,48,12,0.49
1571,2025,69,451,1.67,63,89,99,49,-0.23
1572,2021,443,2976,4.49,159,39,92,46,-0.23
1573,2021,1305,1131,3.05,194,21,56,-48,0.23
1574,2024,451,1472,4.32,161,59,41,-33,0.43
1575,2022,1005,796,4.37,115,77,100,45,-0.14
1576,2024,167,68,4.45,64,10,67,-25,0.35
1577,2024,570,1369,1.59,161,48,55,21,0.14
1578,2020,1280,2310,2.3,124,69,17,-40,-0.07
1579,2023,1868,2566,4.66,130,96,75,-35,-0.11
1580,2020,15,388,4.35,143,96,85,38,-0.1
1581,2025,983,1179,1.25,144,74,21,-21,0.17
1582,2020,937,2587,4.33,33,41,39,-2,-0.01
1583,2020,1937,254,2.83,88,80,80,-6,0.17
1584,2022,1774,3986,3.36,105,37,83,-7,0.48
1585,2021,654,387,1.37,75,23,83,-11,0.42
1586,2023,1758,4901,1.66,5,46,40,-30,0.02
1587,2022,1523,4275,1.1,9,92,47,-22,-0.03
1588,2020,1510,208,3.02,124,44,94,-4,-0.13
1589,2024,1190,2882,2.7,135,15,46,-6,0.43
1590,2020,256,1388,1.81,32,61,89,-32,0.09
1591,2021,399,3670,1.82,28,41,12,-9,0.43
1592,2025,256,1112,4.67,142,63,62,22,0.26
1593,2024,317,1589,4.45,89,73,53,-19,-0.1
1594,2024,1302,3106,2.23,117,98,53,12,0.27
1595,2022,233,390,4.59,125,76,11,18,-0.29
1596,2024,716,1936,4.76,193,85,12,-11,0.36
1597,2023,1876,4006,3.34,148,53,56,8,-0.13
1598,2021,1765,2657,1.62,159,70,36,-20,0.13
1599,2025,1226,3422,3.99,162,86,30,-31,0.26
1600,2024,1166,2126,2.9,98,83,65,-37,0.08
1601,2020,431,4479,2.21,102,24,80,14,0.29
1602,2024,1686,182,1.01,171,91,95,-21,-0.18
1603,2025,1419,4386,3.13,193,28,68,-24,0.37
1604,2021,1017,3528,4.63,153,76,48,-20,-0.14
1605,2022,1647,2914,1.92,165,39,70,21,0.1
1606,2022,1725,4507,1.19,82,93,38,17,0
1607,2024,1789,1490,2.12,198,65,10,-33,0.44
1608,2025,236,2610,1.7,33,87,22,41,-0.18
1609,2022,1935,1681,1.95,65,85,59,23,0.45
1610,2021,407,4476,1.8,42,13,97,14,0.07
1611,2025,1279,2436,1.83,140,60,75,14,-0.29
1612,2021,1558,2584,4.1,198,54,62,-22,-0.08
1613,2022,1051,3829,1.37,63,84,41,30,0.13
1614,2024,670,1499,2.21,55,82,100,-21,0.07
1615,2025,679,3826,2.38,44,74,57,-22,0.47
1616,2020,1364,1738,2.86,183,52,32,-13,0.41
1617,2023,1727,4120,2.22,66,17,11,-26,0
1618,2021,619,3747,2.61,79,46,60,34,0.02
1619,2025,629,1172,1.2,46,25,29,-3,-0.05
1620,2023,905,1450,1.42,200,69,50,-37,0.16
1621,2020,1901,4827,2.83,97,23,54,-1,0.43
1622,2025,293,515,4.28,121,70,45,48,0.09
1623,2021,1391,3894,3.61,54,94,37,-50,-0.23
1624,2023,266,2456,4.99,190,11,99,46,0.06
1625,2023,959,2111,4.9,105,67,31,-21,-0.26
1626,2020,314,617,3.18,177,53,66,10,-0.13
1627,2024,741,595,3.62,171,42,65,50,0.14
1628,2023,1562,2058,4.71,190,60,33,5,-0.08
1629,2020,1372,1130,1.01,126,25,41,10,0.5
1630,2022,846,1316,3.09,195,82,99,-37,0.18
1631,2023,1557,706,4,178,93,43,-49,0.42
1632,2020,348,749,3.29,8,60,63,35,0.39
1633,2022,1310,2242,3.19,31,10,86,-36,-0.14
1634,2022,1697,458,1.29,128,21,11,6,0.15
1635,2023,551,2312,4.7,33,63,89,13,0.23
1636,2021,535,2701,4.56,32,62,97,47,0.14
1637,2021,338,2300,1.69,174,19,41,25,0.14
1638,2023,953,1980,2.29,163,51,59,1,0.49
1639,2022,1588,1931,4.07,83,26,39,28,0.48
1640,2023,504,1041,1.92,199,45,65,35,-0.2
1641,2020,553,4852,1.72,73,74,22,-25,0.44
1642,2020,1212,1614,2.43,137,77,77,-1,-0.2
1643,2021,1419,1700,2.34,129,49,97,-38,0
1644,2023,260,4319,2.12,112,95,89,-44,-0.11
1645,2022,677,3240,2.35,93,86,30,-38,-0.12
1646,2025,317,1129,4.34,194,57,20,43,0.43
1647,2024,945,2507,3.22,144,15,98,-9,0.32
1648,2023,1979,3769,3.34,5,80,50,49,0.2
1649,2020,1722,3728,1.51,117,47,69,-8,-0.1
1650,2023,1035,313,2.49,91,56,90,-18,0.42
1651,2025,951,866,1.51,33,73,80,-31,0.23
1652,2022,1924,4191,3.48,76,14,90,-7,-0.03
1653,2022,754,718,2.18,90,38,60,-39,-0.13
1654,2025,271,4505,4.97,62,32,64,37,0.29
1655,2023,1105,1436,4.06,35,76,63,23,0.38
1656,2022,1696,3115,2.85,127,94,12,-4,-0.11
1657,2022,1701,1079,1.78,85,16,58,-45,-0.24
1658,2023,1803,4505,2.78,108,10,91,49,-0.28
1659,2022,851,3960,4.5,154,69,70,-9,0.47
1660,2022,958,1533,1.82,25,70,69,-48,-0.15
1661,2022,1115,2007,1.72,107,44,45,-15,0.2
1662,2024,1153,3041,4.11,144,24,49,18,0.02
1663,2023,1358,257,1.58,73,70,30,30,-0.15
1664,2020,1485,4497,1.04,83,91,91,3,0.03
1665,2022,1653,3336,2.52,14,75,30,39,0.07
1666,2020,1652,1265,3.14,152,52,83,-8,0
1667,2021,981,3507,2.04,66,14,18,26,-0.24
1668,2023,1131,1295,3.13,136,44,61,48,0.31
1669,2021,1256,4243,2.8,77,20,34,-32,0.17
1670,2022,1191,1312,2.53,89,16,91,45,0.13
1671,2020,1399,1507,2.94,155,65,38,13,-0.27
1672,2022,64,4253,4.58,124,79,19,-18,0.46
1673,2021,849,4797,3.63,8,64,33,-17,0.07
1674,2023,752,166,2.8,40,96,88,47,-0.19
1675,2022,1761,4811,2.27,130,43,88,-38,-0.03
1676,2025,136,2008,4.28,186,10,59,-5,0.34
1677,2021,1817,450,1.49,30,52,49,-7,-0.2
1678,2023,1943,3567,3.84,173,35,43,-32,-0.25
1679,2021,1404,943,4.25,69,10,89,-50,0.14
1680,2025,371,4757,4.11,169,45,33,49,0.27
1681,2021,780,2870,1.96,11,67,54,10,0.26
1682,2021,1992,1008,3.27,12,56,50,-28,0.44
1683,2020,1122,2515,2.07,16,16,90,10,0.08
1684,2024,1574,4288,2.57,27,35,97,-4,0.44
1685,2024,407,4361,1.02,168,45,15,-43,0.44
1686,2020,1110,1465,1.99,194,71,47,43,-0.1
1687,2023,376,2127,2.84,116,16,58,41,0.25
1688,2024,250,4480,2.58,155,69,16,-32,-0.11
1689,2023,1576,4775,1.4,107,66,41,49,0.16
1690,2020,1194,203,4.75,47,54,13,45,0.39
1691,2020,1532,2471,1.14,37,41,31,26,-0.08
1692,2022,451,4513,1.96,82,87,14,-7,0.28
1693,2021,394,4709,1.73,32,37,44,-20,-0.11
1694,2020,1255,4879,1.16,159,46,34,-18,-0.01
1695,2023,1295,1480,2.53,139,54,46,-20,0.28
1696,2024,628,2776,1.9,151,72,50,-12,0.23
1697,2021,979,3749,4,120,55,56,-5,-0.23
1698,2024,1837,4495,3.34,25,40,20,44,-0.2
1699,2020,1932,4992,3.93,165,25,97,29,0
1700,2020,585,3129,1.2,196,40,82,0,0.02
1701,2022,943,3741,1.48,118,78,14,-46,0.45
1702,2023,416,2950,3.8,55,73,85,-4,0.46
1703,2021,1880,1702,2.66,120,62,37,32,-0.25
1704,2023,905,78,1.21,167,61,71,25,0.13
1705,2025,1309,4471,2.65,96,85,76,34,0.14
1706,2020,112,4470,2.39,117,72,91,-26,-0.08
1707,2023,884,1272,2.82,164,31,56,-5,-0.07
1708,2023,845,1172,2.82,42,56,32,-3,0.32
1709,2024,213,4975,2.67,159,23,14,-28,0.08
1710,2023,1118,1190,1.65,196,96,63,8,0.3
1711,2023,1632,1947,1.69,52,95,49,46,0.23
1712,2020,139,1447,4.73,28,27,12,48,0
1713,2021,848,3163,1.73,197,27,41,-5,0.27
1714,2021,48,2620,1.77,52,56,99,26,0.31
1715,2020,1981,1082,4.83,184,37,46,14,0.11
1716,2022,1864,1941,2.44,119,79,18,30,0.14
1717,2023,1855,195,4.68,24,85,97,-49,0
1718,2020,1752,1498,1.09,49,14,72,29,-0.01
1719,2020,1809,2397,3.98,14,31,29,-43,0.4
1720,2022,1754,3641,4.06,111,86,69,38,0.45
1721,2024,1420,1268,2.49,168,35,40,20,-0.11
1722,2020,1768,2941,1.76,114,15,81,-5,0.38
1723,2023,1316,2494,3.29,165,21,32,26,-0.17
1724,2020,418,1758,1.46,196,76,40,1,0.12
1725,2020,70,1239,4.93,199,70,38,-21,0.03
1726,2025,1589,3252,2.44,177,28,77,11,-0.09
1727,2022,137,1143,1.36,26,100,21,1,-0.12
1728,2020,356,2037,4.26,138,36,13,-33,0.3
1729,2022,1745,4667,1.95,94,48,31,16,0.17
1730,2024,1788,2659,4.69,30,61,44,37,-0.16
1731,2021,1925,1181,3,128,45,44,-10,0.39
1732,2020,1264,3688,2.36,184,64,11,15,0.05
1733,2020,610,1554,2.26,178,49,89,32,0.19
1734,2022,338,2024,1.5,97,53,69,24,0.3
1735,2025,1558,761,1.99,76,50,82,40,0.27
1736,2024,825,384,2.72,190,56,17,31,0.47
1737,2020,113,1928,4.23,169,87,88,-21,0.45
1738,2020,1401,3268,1.24,174,21,52,-42,-0.18
1739,2025,1631,3285,3.3,185,84,22,11,0.43
1740,2020,656,1712,2.78,93,62,58,27,-0.08
1741,2025,1007,2162,4.7,163,20,55,-47,0.01
1742,2020,1171,3495,3.77,135,40,64,-40,0
1743,2021,1335,695,1.3,141,72,67,-33,0.45
1744,2020,1318,183,4.58,63,42,56,30,-0.07
1745,2024,528,4583,1.29,16,98,41,-27,-0.3
1746,2021,1434,64,1.28,20,54,68,-37,-0.17
1747,2020,540,1991,3.87,25,26,83,-44,0.02
1748,2021,878,1006,3.07,39,67,59,8,-0.01
1749,2023,930,4710,1.03,107,93,56,18,0.44
1750,2021,1228,4027,4.25,126,81,35,-11,0.09
1751,2023,932,1100,3.11,13,67,23,4,0.19
1752,2022,267,1384,4.05,66,10,49,37,-0.08
1753,2020,1301,2897,2.89,31,88,37,31,-0.06
1754,2025,1371,3635,1.67,136,22,78,46,-0.25
1755,2022,1077,685,1.7,69,51,43,-6,-0.22
1756,2023,755,970,3.22,112,33,24,13,0.05
1757,2021,1580,2825,3.57,191,85,76,-44,0.24
1758,2022,421,2638,3.41,90,45,85,-18,-0.24
1759,2024,383,3940,1.39,57,69,68,24,0.31
1760,2025,1726,1481,4.84,97,16,82,-27,0.14
1761,2024,176,2933,4.83,26,38,78,-3,0.01
1762,2025,1726,2171,2.21,124,42,50,-26,-0.15
1763,2025,1089,4978,2.57,156,69,69,-17,-0.17
1764,2021,1831,1214,2.84,39,47,84,-24,0.47
1765,2022,533,3094,4.34,194,76,25,8,0.16
1766,2022,1186,3217,1.92,125,79,69,0,-0.2
1767,2021,286,1237,3.45,122,22,69,-26,-0.14
1768,2023,1402,1578,3.31,176,62,57,24,0.2
1769,2021,781,251,3.4,187,29,60,6,-0.01
1770,2025,1554,2623,4.58,80,37,54,-47,0.13
1771,2023,588,4272,3.44,17,77,66,39,0.24
1772,2023,1746,3265,4.38,172,40,72,1,0.12
1773,2023,479,1336,3.09,24,58,42,14,0
1774,2023,720,3367,1.93,45,91,57,-45,-0.18
1775,2022,1690,1731,4.14,194,86,79,43,-0.06
1776,2020,1679,4320,1.28,62,84,98,-32,-0.17
1777,2025,312,2814,2.83,143,69,41,-19,0.39
1778,2023,1897,1821,4.99,70,28,69,30,0.26
1779,2024,868,3932,1.67,182,31,44,21,-0.06
1780,2025,868,1307,1.15,62,67,80,7,0
1781,2021,984,2772,2.52,60,30,81,26,0.11
1782,2025,267,2157,1.23,12,53,63,-27,0.24
1783,2022,1335,2427,2.43,72,91,61,4,0.34
1784,2022,1692,4885,4.77,26,23,83,-50,-0.13
1785,2020,1349,3465,4.79,177,90,17,39,-0.17
1786,2025,525,4621,4.79,61,63,71,46,0.34
1787,2023,1048,4057,2.34,182,76,76,-6,0.11
1788,2020,970,4756,3.56,169,98,46,-50,-0.29
1789,2021,442,4560,1.16,195,75,100,-12,0.02
1790,2025,377,4506,4.72,46,56,40,21,0.12
1791,2020,1558,4232,2.64,88,67,10,20,0.15
1792,2021,1046,3477,3.3,142,62,31,-26,0.37
1793,2023,897,4963,1.96,56,59,73,22,0.09
1794,2024,80,1612,3.7,137,26,39,-3,0.21
1795,2021,966,1122,3,91,59,75,17,0.15
1796,2020,1897,257,1.03,181,10,81,-21,0.44
1797,2020,1499,3050,4.19,12,81,85,-32,0.04
1798,2023,605,4450,3.56,7,98,31,18,-0.01
1799,2022,1648,1745,1.02,50,27,87,-22,-0.09
1800,2025,1160,3621,2.24,90,68,24,5,0.17
1801,2021,1295,4071,2.67,8,62,94,-39,0.38
1802,2023,1202,1130,4.74,150,75,56,6,0
1803,2025,1266,994,2.74,129,73,22,-30,-0.03
1804,2022,501,3826,2.28,68,49,43,-10,0.37
1805,2022,1429,3300,1.52,73,15,100,-18,0.3
1806,2020,407,4340,4.66,110,66,77,41,0.34
1807,2023,1818,3598,3,145,45,28,17,0.43
1808,2024,995,1111,3.69,111,72,95,-37,-0.16
1809,2024,1266,1118,1.42,109,68,13,25,-0.13
1810,2021,1676,2465,4.57,33,98,95,-50,-0.11
1811,2024,1525,533,1.96,121,91,53,46,-0.12
1812,2020,256,3835,3.21,125,38,25,-39,0.02
1813,2020,846,4221,1.98,105,83,29,-33,-0.24
1814,2025,1553,110,4.17,150,21,33,-3,0.37
1815,2020,1282,2740,1.11,98,60,11,24,-0.18
1816,2025,475,4483,3.54,106,97,57,43,-0.2
1817,2023,1291,1626,2.39,122,37,49,-32,-0.15
1818,2022,1010,3698,3.16,181,93,36,10,0.17
1819,2024,49,4462,3.75,143,74,80,25,-0.27
1820,2022,1206,1792,4.51,81,20,100,39,-0.29
1821,2022,1866,4287,2.27,23,72,10,-6,0.25
1822,2021,1874,4267,3.85,98,87,16,10,0.14
1823,2025,957,2810,2.13,54,72,25,22,0.33
1824,2022,488,4644,1.19,15,30,68,-44,0.04
1825,2025,1329,3116,4.83,86,14,72,5,0.2
1826,2025,1223,1289,2.85,11,61,20,27,-0.13
1827,2022,1348,1957,4.38,169,59,11,40,-0.29
1828,2023,123,2890,4.3,56,42,72,-38,0.37
1829,2023,1530,517,4.64,106,41,23,36,-0.09
1830,2020,1148,2460,2.94,112,20,60,-7,-0.03
1831,2021,18,3545,3.85,26,12,89,43,0.1
1832,2020,1466,4678,4.97,86,70,96,-3,-0.22
1833,2022,1319,847,3.87,107,65,45,22,0.44
1834,2020,50,2291,3.46,63,53,56,-34,-0.16
1835,2021,121,3059,1.86,96,73,14,-37,-0.13
1836,2021,676,2974,3.58,190,57,28,-41,0.32
1837,2023,1792,437,2.64,95,71,75,-38,0.16
1838,2024,1200,4547,3.91,168,50,74,-33,-0.12
1839,2024,1106,4030,2.63,53,98,42,-18,0.14
1840,2022,1317,1917,3.13,167,82,63,41,0.35
1841,2024,1207,1721,3.72,44,66,78,23,-0.11
1842,2022,1947,1574,3.53,19,41,54,47,0.43
1843,2023,1382,1728,2.02,137,90,77,-49,-0.04
1844,2024,1798,2865,1.73,153,66,67,-49,0.36
1845,2022,1370,2389,1.33,195,55,53,-25,0.08
1846,2022,1790,899,3.64,187,36,33,38,0.29
1847,2020,1014,4022,3.07,24,48,83,14,0.25
1848,2025,336,1054,3.98,14,77,95,-1,-0.09
1849,2023,1734,2164,2.13,89,77,51,38,0.21
1850,2025,1424,2657,2.52,194,97,34,34,0.34
1851,2022,1474,3581,3.64,90,69,31,19,-0.23
1852,2021,991,1952,2.96,177,80,93,7,-0.02
1853,2021,455,3104,2.08,160,79,81,-1,0.08
1854,2022,648,961,3.44,172,91,70,-30,0.27
1855,2023,1126,1623,4.56,121,15,49,-35,0.05
1856,2024,965,4672,1.77,143,55,83,9,0.13
1857,2022,126,3708,4.13,144,49,39,-47,0.21
1858,2024,910,2854,2.08,160,61,45,-42,-0.24
1859,2022,748,4901,1.48,22,92,75,-34,0.09
1860,2024,1676,280,2.7,70,53,51,11,0.22
1861,2025,465,1922,3.68,24,12,63,-16,0.24
1862,2023,690,2339,3.16,109,30,30,-48,-0.07
1863,2025,481,4899,4.54,87,84,100,5,0.24
1864,2023,1461,3271,4.85,31,35,52,-16,0.16
1865,2020,554,536,3.35,88,46,54,-41,-0.18
1866,2025,272,1486,1.62,57,26,36,11,0.28
1867,2022,1038,2577,4.97,50,73,62,18,0.27
1868,2020,497,4896,1.95,7,72,13,-17,0.19
1869,2025,1793,483,1.87,13,49,43,14,0.04
1870,2022,1496,3695,3.83,109,17,33,14,0.15
1871,2021,1083,2738,4.65,143,69,37,6,0.01
1872,2023,1073,2719,3.31,121,67,18,-46,-0.05
1873,2023,871,4068,3.93,90,11,64,-38,0.34
1874,2020,1342,1591,3.45,158,21,16,15,0.18
1875,2023,475,2709,1.18,67,65,16,-49,0.04
1876,2023,1786,4156,4.86,139,97,53,13,0.41
1877,2022,1845,124,2.2,133,67,37,-50,0.21
1878,2022,1103,2605,2.2,60,21,54,12,-0.27
1879,2020,1591,4439,1.6,131,24,48,44,0.18
1880,2023,378,1373,3.9,8,22,49,-14,-0.23
1881,2025,1314,1846,2.15,157,61,96,25,0.32
1882,2020,1885,994,3.81,26,57,87,34,0.13
1883,2020,1577,647,3.9,92,12,15,-18,-0.21
1884,2021,239,1115,4.62,20,57,10,15,0.18
1885,2021,1245,1033,4.01,57,30,69,8,-0.08
1886,2021,884,2867,1.2,196,20,85,15,-0.14
1887,2025,122,2115,3.76,75,60,95,3,0.08
1888,2020,1108,443,3.43,54,12,40,6,-0.16
1889,2020,633,1978,2.63,100,24,94,37,-0.07
1890,2022,652,2562,2.67,111,61,63,45,0.08
1891,2023,408,2906,1.98,170,75,68,14,0.3
1892,2022,104,1799,2.32,142,93,79,-30,0.4
1893,2021,546,1723,4.43,133,43,97,-15,0.47
1894,2021,1487,3952,4.09,5,93,34,-29,-0.22
1895,2023,36,3081,2.96,142,75,99,-10,0.42
1896,2020,1802,2949,3.79,184,53,72,6,-0.05
1897,2022,188,3874,1.96,102,88,32,34,0.35
1898,2024,520,4248,4.79,177,71,15,29,0.33
1899,2020,791,342,2.2,158,35,50,-28,-0.21
1900,2024,1299,855,4.94,98,61,85,-5,0.42
1901,2020,499,2012,1.91,184,51,50,33,0.33
1902,2024,564,2318,1.03,177,16,97,32,0.19
1903,2022,552,4046,2.03,121,14,17,31,0.37
1904,2021,261,4925,4.35,68,86,45,32,-0.07
1905,2020,894,3272,1.39,88,79,30,50,0.3
1906,2021,764,1505,4.18,19,82,83,-13,0.31
1907,2022,638,3990,1.96,163,33,57,44,0.31
1908,2020,764,2428,3.38,41,73,10,14,-0.16
1909,2020,1147,4562,1.48,176,95,17,-33,0.03
1910,2025,818,937,4.51,98,40,56,2,0.09
1911,2023,408,4915,3.1,129,88,28,-22,-0.2
1912,2020,440,4262,2.26,13,11,40,20,0.3
1913,2023,627,1150,4.93,85,24,89,-37,-0.17
1914,2025,714,2441,3.6,49,20,27,48,0.06
1915,2025,351,2737,4.54,182,91,50,-38,0.16
1916,2024,1975,4822,4.82,154,67,26,2,0.45
1917,2025,1708,1585,4.96,94,65,77,-41,-0.03
1918,2020,1901,3030,1.92,96,84,42,-20,0.29
1919,2023,1715,366,2.02,74,47,69,15,-0.24
1920,2023,1462,609,3.48,92,44,51,8,0.45
1921,2024,11,3088,2.89,63,99,41,-13,0.03
1922,2021,1736,1400,1.55,12,12,89,39,0.11
1923,2021,1605,2811,4.43,196,19,33,50,0.21
1924,2023,1495,2272,3.72,171,33,81,-45,0.38
1925,2021,1371,4627,2.4,13,43,64,41,0.4
1926,2025,1885,3396,1.61,87,82,52,29,0.31
1927,2024,1874,188,4.06,5,22,29,-38,0.11
1928,2025,992,3342,1.99,136,41,99,12,0.42
1929,2020,1906,4711,3.25,147,27,35,34,0.5
1930,2022,62,398,1.47,195,42,58,-23,0.36
1931,2021,98,1632,4.26,138,47,96,48,-0.24
1932,2025,1117,4583,3.93,75,47,44,33,-0.3
1933,2021,1545,4285,1.74,60,26,79,-39,-0.28
1934,2025,1118,4324,4.64,28,59,89,-30,0.48
1935,2024,1003,3569,4.26,42,100,96,24,0.47
1936,2021,645,1657,2.24,50,85,33,43,0.26
1937,2024,609,1349,2.5,92,22,62,45,0
1938,2021,1704,2709,2.57,179,66,15,-25,-0.27
1939,2020,64,4332,4.55,141,11,21,-2,0.46
1940,2020,1424,3381,3.21,38,73,35,12,0.43
1941,2020,928,734,3.26,34,43,49,-34,0.35
1942,2024,257,2937,4.17,187,85,69,12,-0.27
1943,2022,1925,667,3.59,50,65,67,3,-0.24
1944,2025,1281,2944,4.09,7,56,26,40,0.37
1945,2020,1012,2303,2.61,94,43,57,-26,0.43
1946,2022,904,197,1.2,151,71,33,14,0.43
1947,2023,780,787,1.24,183,23,78,23,-0.24
1948,2023,1484,4229,3.68,89,68,29,-30,-0.3
1949,2022,54,1018,4.64,12,31,37,-14,0.32
1950,2022,1122,3111,4.14,98,62,21,49,-0.23
1951,2021,1385,3619,1.75,197,68,52,20,0.49
1952,2022,1681,431,4.08,55,28,33,-24,0.2
1953,2023,356,3057,4.28,57,51,24,48,0
1954,2025,640,3980,1.6,45,96,97,37,-0.19
1955,2023,1413,1351,4.85,114,43,24,13,-0.04
1956,2022,967,2642,4.34,109,83,16,5,-0.05
1957,2022,734,994,4.02,83,42,34,3,-0.14
1958,2025,900,1487,1.38,42,54,31,32,-0.14
1959,2021,678,4351,3.32,140,48,34,46,0.29
1960,2024,1072,580,4.2,156,25,42,19,0.43
1961,2024,77,2897,2.29,18,97,55,27,-0.21
1962,2023,1082,4445,1.71,68,29,30,-35,0.14
1963,2021,1347,2521,1.01,200,19,30,20,0.19
1964,2025,107,2073,2.78,117,70,25,-29,0.37
1965,2024,1356,3646,2.08,175,43,22,14,0.26
1966,2023,205,3776,4.82,144,31,59,43,0.41
1967,2021,1416,1694,4.54,19,97,81,23,-0.19
1968,2022,551,2389,3.46,186,82,58,23,-0.09
1969,2022,10,3790,1.73,106,89,15,0,0.17
1970,2024,1839,1999,4.59,108,43,85,-38,0
1971,2020,1333,338,2.95,11,72,66,-25,0.47
1972,2020,954,3153,1.07,32,88,99,17,-0.15
1973,2020,885,3050,4.44,63,24,47,49,0.37
1974,2023,31,4532,2.74,25,34,20,41,0.18
1975,2020,1347,1378,1.49,74,12,64,38,0.29
1976,2024,1345,2122,3.85,48,24,39,-30,0.02
1977,2022,1400,4872,1.75,8,100,47,49,0.31
1978,2023,1906,750,1.8,102,64,100,-1,-0.16
1979,2025,1799,715,4.99,45,50,48,-28,-0.18
1980,2023,34,1012,2.46,168,24,54,7,0.14
1981,2024,1598,2958,3.99,32,94,73,-41,0.04
1982,2022,946,1032,1.32,22,31,11,21,0.28
1983,2020,131,3349,2.1,44,16,76,-1,0.32
1984,2024,624,528,2.3,54,90,80,31,0.18
1985,2020,1968,3531,3.15,106,58,73,-23,0.22
1986,2020,472,4664,1.41,8,81,37,16,0.01
1987,2020,1531,2610,4.42,169,13,99,48,-0.17
1988,2020,1277,665,2.81,180,57,89,14,0.28
1989,2025,963,4264,1.07,17,10,82,-9,0.11
1990,2022,806,346,3.74,50,74,98,11,0.34
1991,2023,1175,3934,2.35,139,80,73,-21,-0.07
1992,2021,703,385,3.04,29,21,72,-30,0.39
1993,2022,2000,758,3.54,195,28,68,-28,-0.18
1994,2020,324,1578,3.91,58,65,16,37,0.46
1995,2020,1960,3227,2.51,125,33,77,10,0.36
1996,2022,1368,1908,3.67,121,83,26,-49,-0.16
1997,2020,889,434,1.53,54,11,96,-10,0.35
1998,2023,908,2337,3.19,59,42,51,42,0.31
1999,2021,1596,1910,3.61,189,26,65,42,0.05
2000,2021,838,4667,1.13,61,37,62,37,-0.16
